address,lat,lng
2462 26TH AVE N,36.1903413,-86.8180873
EXIT 208A I40 E,36.1483782,-86.7804173
1338 BRICK CHURCH PIKE,36.2011508,-86.77783819999999
1710 CHARLOTTE AVE,36.1586012,-86.79933779999999
5020 TRANHAM RD,36.2974796,-86.835388
3405 OLSEN LN,36.1872133,-86.84609189999999
1825 UNDERWOOD ST,36.1728737,-86.8101282
1227 KATIE AVE,36.1981172,-86.77963430000001
1531 14TH AVE N,36.1751709,-86.80408589999999
4101 CREEKWOOD N,36.214007,-86.8460723
2402 CLAY LICK RD,36.3100645,-86.82334809999999
2427 UNION HILL RD,36.3341835,-86.8269564
811 HENRY HALE BLVD,36.1608515,-86.7985403
TORBETT ST / 28TH AVE N,36.1578954,-86.8186027
1112 WALSH ST,36.1895093,-86.8095005
DRY FORK RD / VESTER RD,36.251125,-86.8458675
1821 6TH AVE N,36.1844585,-86.7964338
8109 LAIN HOLLOW RD,36.370927,-86.888375
4247 CATO RD,36.2124989,-86.8677475
4023 ASHLAND CITY HWY,36.1997805,-86.8471112
948 BORDEAUX PL,36.212366,-86.81040279999999
4767 EATONS CREEK RD,36.23877,-86.878732
DR D B TODD JR BLVD / KNOWLES ST,36.17238270000001,-86.8078425
552 GREEN LN,36.2369989,-86.8130706
211 GIFFORD PL,36.3216575,-86.8671746
1550A 9TH AVE N,36.1783495,-86.7981111
4411 ASHLAND CITY HWY,36.2065574,-86.8640638
1043 JEFFERSON ST,36.171617,-86.796651
1414 CLINTON ST,36.1636141,-86.7980881
WHITES CREEK PIKE / BRILEY PKWY E,36.2856391,-86.8405164
1406 PHILLIPS ST,36.1689035,-86.8010644
1558 DELTA AVE,36.1790406,-86.796295
808 TAYLOR ST,36.1764712,-86.794685
2521 HIGHLAND TRACE DR,36.2207683,-86.8019557
6597 CLARKSVILLE PIKE,36.3248907,-86.91492509999999
2414 ALBION ST,36.1657175,-86.81354139999999
2507 W HEIMAN ST,36.1701181,-86.8158012
120 ATHENS WAY,36.197541,-86.79791399999999
2425 BRICK CHURCH PIKE,36.21144,-86.777384
1100 CLAY ST,36.1844933,-86.8056946
3641 ECHO LN,36.2355207,-86.8356232
2720 CLARKSVILLE PIKE,36.1880067,-86.82073969999999
2311 BOOKER ST,36.1600978,-86.8109913
1450 IRELAND ST,36.1668388,-86.8004425
64 FERN AVE,36.1956087,-86.7774306
2511 SANTI AVE,36.1791848,-86.81801349999999
112 QUEENS LN,36.2152467,-86.8602427
3400 CLIFTON AVE,36.158669,-86.82746630000001
3140 EWINGWOOD DR,36.23558269999999,-86.790115
1438 9TH AVE N,36.1758694,-86.7950986
22ND AVE N / FORMOSA ST,36.1746344,-86.811984
22ND AVE N / BUCHANAN ST,36.18016100000001,-86.81314460000002
3405 ALAMEDA ST,36.1645138,-86.8280217
1816 26TH AVE N,36.1817997,-86.81915099999999
2216 15TH AVE N,36.1884133,-86.81130519999999
3408 BATAVIA ST,36.1596377,-86.827231
21ST AVE N / CLIFTON AVE,36.1576154,-86.8067617
3841 CROUCH DR,36.2184447,-86.81762119999999
1823 HERMOSA ST,36.1636642,-86.80644009999999
2465 25TH AVE N,36.18984330000001,-86.8169775
3804 DUNBAR DR,36.2199093,-86.81695429999999
423 REVELS DR,36.2221146,-86.8022278
2828 CREEKBEND DR,36.2357726,-86.79577440000001
1718 7TH AVE N,36.1823159,-86.7955312
7916 RIDGEWOOD RD,36.359547,-86.846217
4019 FAIRVIEW DR,36.2121205,-86.8476209
1411 IRELAND ST,36.16677240000001,-86.7994011
1226 W H DAVIS DR,36.1713555,-86.816943
752 22ND CT N,36.1610674,-86.8107952
2511 26TH AVE N,36.1907171,-86.8181017
5112 CREASY DR,36.3138873,-86.88524129999999
1038 28TH AVE N,36.167084,-86.8203278
2536 HIGHLAND TRACE DR,36.2204067,-86.8015188
1607 HAMPTON ST,36.209618,-86.77896299999999
527 REVELS DR,36.2204029,-86.8055129
401 W TRINITY LN,36.2073844,-86.7841322
1616 HAYNES MEADE CIR,36.2023146,-86.78768149999999
4001 W HAMILTON RD,36.2099502,-86.8480289
2223 WHITES CREEK PIKE,36.2086685,-86.79323529999999
MONTICELLO DR / AVONDALE CIR,36.2086858,-86.78366609999999
2303 ALAMEDA ST,36.1664571,-86.8108896
2700 W HEIMAN ST,36.1703998,-86.81991599999999
1212 6TH AVE N,36.17537069999999,-86.78932999999999
6292 FREUDEMAN RD,36.0481299,-86.760158
1636 PEARL ST,36.1616562,-86.79599999999999
17TH AVE N / CENTURY ST,36.1779943,-86.8094938
518 HAYNES ST,36.2054282,-86.7892593
1200 AVONDALE CIR,36.2090334,-86.7795656
2832 W HEIMAN ST,36.169654,-86.82129180000001
1610 17TH AVE N,36.1754166,-86.8069502
1406 14TH AVE N,36.1720181,-86.8012759
601 MAINSTREAM DR,36.199562,-86.8139533
617 MACLAURIN CT,36.2199856,-86.7943538
2300 CLARKSVILLE PIKE,36.1843857,-86.8144045
2309 ALAMEDA ST,36.166296,-86.8113837
3929 STEWARTS LN,36.1982372,-86.86259419999999
3842 CROUCH DR,36.2189074,-86.8175035
911 BUCHANAN ST,36.1803246,-86.8026929
809 TAYLOR ST,36.1767011,-86.7940953
3503 WHITES CREEK PIKE,36.2383516,-86.8177781
5550 EATONS CREEK RD,36.2768177,-86.8952587
1405 14TH AVE N,36.1732155,-86.802511
1600 BUCHANAN ST,36.1801839,-86.81008539999999
1901 14TH AVE N,36.18176320000001,-86.8085883
2408 26TH AVE N,36.1888322,-86.81783689999999
2523 DELK AVE,36.177723,-86.81874499999999
712 28TH AVE N,36.1597549,-86.818482
3002 CLIFTON AVE,36.1594783,-86.8244071
943 31ST AVE N,36.162816,-86.823606
1707 6TH AVE N,36.1820303,-86.7943538
3314 OLSEN LN,36.18579260000001,-86.843622
3405 TISDALL DR,36.237565,-86.8076859
1550 HAMPTON ST,36.2084744,-86.77892279999999
1418 23RD AVE N,36.1721795,-86.8125099
3906 OLD CLARKSVILLE PIKE,36.3198956,-86.88857089999999
1600 10TH AVE N,36.1778718,-86.7993819
2016 24TH AVE N,36.1840335,-86.8155029
I40 W / JEFFERSON ST,36.1715996,-86.798144
3925 TUCKER RD,36.2157631,-86.8267211
710 28TH AVE N,36.1596142,-86.81844889999999
2503 DELK AVE,36.1781452,-86.81703859999999
2602 BOOKER ST,36.160875,-86.81632669999999
975 FANCHER LN,36.328971,-86.876181
2502 MEHARRY BLVD,36.1674088,-86.8149929
2813 CLARKSVILLE PIKE,36.1881588,-86.8224852
1603 KNOWLES ST,36.1731369,-86.80408589999999
1120 37TH AVE N,36.1681751,-86.8320098
3331 COCOA DR,36.1849865,-86.8455312
913 BORDEAUX PL,36.2116887,-86.8120114
1411 DR D B TODD JR BLVD,36.1721797,-86.80793109999999
1409 DR D B TODD JR BLVD,36.1720546,-86.8080095
1739 23RD AVE N,36.179607,-86.8147575
2556 25TH AVE N,36.1908888,-86.81696060000002
937 LOCKLAYER ST,36.1699593,-86.7929802
1214 BRICK CHURCH PIKE,36.1968773,-86.77763209999999
1085 CAPITOL PT,36.1596625,-86.79807149999999
1738 22ND AVE N,36.178785,-86.8125214
2706 DELAWARE AVE,36.1564993,-86.81754269999999
3808 CLARKSVILLE PIKE,36.2020934,-86.8392111
JEFFERSON ST / I40 E,36.1715996,-86.798144
1015 9TH AVE N,36.1717469,-86.791685
6210 CLARKSVILLE PIKE,36.3122875,-86.8825355
3204 MEXICO DR,36.1795285,-86.8373486
910 33RD AVE N,36.1611954,-86.82523069999999
1402 IRELAND ST,36.1669896,-86.7995279
2780 OLD MATTHEWS RD,36.2178482,-86.7936081
1734 JEFFERSON ST,36.1698651,-86.80654799999999
9TH AVE N / JEFFERSON ST,36.1730333,-86.79238769999999
814 W TRINITY LN,36.2069784,-86.7981501
3221 DOVE PL,36.213441,-86.8286036
3136 EWINGDALE DR,36.2339884,-86.79066449999999
2404 MEHARRY BLVD,36.1676875,-86.81271749999999
PHILLIPS ST / WARREN ST,36.1709479,-86.7951408
1708 SCOVEL ST,36.1709719,-86.8055377
4401 WHITES CREEK PIKE,36.264301,-86.83052529999999
2133 24TH AVE N,36.1869088,-86.81542350000001
3910 FLICKER DR,36.2156162,-86.82436779999999
1419 IRELAND ST,36.1668194,-86.7996393
3880 CANTARUTTI RD,36.2836116,-86.8843012
612 W TRINITY LN,36.2067386,-86.79203059999999
1414 4TH AVE N,36.1797247,-86.7889375
585 REVELS DR,36.2197349,-86.8073951
1661 ROSA L PARKS BLVD,36.1798091,-86.79622770000002
2612 CLIFTON AVE,36.1585368,-86.81567679999999
2102 HERMOSA ST,36.1637837,-86.8093435
1714 DELTA AVE,36.180544,-86.79905699999999
3909 CLARKSVILLE PIKE,36.2091591,-86.8397012
575 BRICK CHURCH PARK DR,36.2242527,-86.7877032
MM 37 2 I24 E,36.4090703,-87.0379232
3169 GWYNNWOOD DR,36.2351354,-86.79212199999999
3214 MAYER LN,36.1814557,-86.8382467
2601 ASPEN DR,36.1825533,-86.8204063
227 FRENCH LANDING DR,36.1931468,-86.79574699999999
1603 HERMAN ST,36.16462509999999,-86.80148349999999
3813 WHITES CREEK PIKE,36.24691,-86.82334
600 GARFIELD ST,36.1817271,-86.7944619
1020 11TH AVE N,36.171156,-86.796211
EAGLE VIEW BLVD / BELL RD,36.0522192,-86.64489859999999
923 BELL RD,36.0496109,-86.65248919999999
4056 NOLENSVILLE PIKE,36.0804068,-86.726116
2931 WALNUT CREST DR,36.070091,-86.6268789
124 STIRTON RD,36.1226247,-86.7306157
124 SHACKLETT LANE CT,36.0543692,-86.67486029999999
3514 GONDOLA DR,36.0819915,-86.6047751
151 LAFAYETTE ST,36.1473857,-86.75886240000001
1609 RICE HILL CT,36.0660758,-86.63955779999999
821 HAMILTON CROSSINGS,36.0646311,-86.63051879999999
2309 PRESERVE CIR,36.0340904,-86.61517909999999
1051 CAPITAL FUNDS CT,36.0896965,-86.6532862
725 DRUMMOND DR,36.1126722,-86.71552319999999
4817 LINBAR DR,36.0853263,-86.7066384
5071 TRAILWATER DR,36.03798829999999,-86.5725422
3302 CHATTERLY CT,36.083058,-86.6013657
101 CEDARMONT CT,36.0409727,-86.70471189999999
311 PEACHTREE ST,36.1200677,-86.74731729999999
4124 PARTNER WAY,36.0933712,-86.7091939
714 ARBOR CREST BLVD,36.0378536,-86.66805280000001
7329 ALTHORP WAY,36.0250012,-86.71093359999999
I440 E EXT RAMP / MURFREESBORO PIKE EXT RAMP,36.0986104,-86.6593637
METROPLEX DR / HARDING PL,36.0868297,-86.6959226
4001 CANE RIDGE PKWY,36.0300693,-86.64615739999999
352 DADE DR,36.0738727,-86.7066778
4834 GILLESPIE DR,36.0622398,-86.69405549999999
944 RICHARDS RD,36.0687583,-86.6826888
3810 FAULKNER DR,36.0725427,-86.7097775
5021 MOOREGATE DR,36.0687094,-86.5914238
2378 UNA ANTIOCH PIKE,36.0715443,-86.6637646
2206 HICKORY CLUB DR,36.0540026,-86.6370006
324 MELVIN JONES DR,36.0970004,-86.6654173
624 ROXANNE DR,36.049078,-86.69151889999999
2630 NOLENSVILLE PIKE,36.1156156,-86.7473535
7115 LENOX VILLAGE DR,36.026092,-86.710678
MM 61 4 I24 E,36.4090703,-87.0379232
1611 HICKORY HOLLOW TER,36.0527775,-86.6511014
793 BELL RD,36.0509148,-86.6495238
6452 PADDINGTON WAY,36.0729101,-86.58097939999999
296 VIVELLE AVE,36.12643389999999,-86.7491213
255 BRIDGEWAY CIR,36.1021029,-86.71538009999999
247 YELTON CT,36.091704,-86.7309847
297 VIVELLE AVE,36.127102,-86.749211
13001 OLD HICKORY BLVD,36.0164473,-86.6194355
5217 RAYWOOD LN,36.054129,-86.71399009999999
4961 SHIHMEN DR,36.0549338,-86.6799352
4048 PEPPERWOOD DR,36.0413576,-86.5831079
2903 DOBBS AVE,36.1095859,-86.73624869999999
6262 NOLENSVILLE PIKE,36.0180444,-86.70766069999999
5028 MADELINE DR,36.0597807,-86.7111596
1572 BARNBROOK CV,36.0557192,-86.61222719999999
4868 SHIHMEN DR,36.0570557,-86.678401
4650 NOLENSVILLE PIKE,36.0693696,-86.7196702
4940 PEPPERTREE DR,36.0419854,-86.5738444
2011 HUTTON DR,36.129811,-86.7485713
457 MOUNTAINHIGH DR,36.0377762,-86.6627283
109 OCALA DR,36.0508761,-86.6897687
302 VIVELLE AVE,36.1265389,-86.7498677
7279 CAROTHERS RD,35.980703,-86.6151445
7003 LENOX VILLAGE DR,36.0267066,-86.71152599999999
368 BART DR,36.057418,-86.67922709999999
6009 LEGEND DR,36.0681041,-86.60001419999999
7902 CONCORD HILLS DR,36.0010954,-86.6929535
68 HART ST,36.1420006,-86.7527692
677 CONEFLOWER TRL,36.0648169,-86.60080219999999
539 HARDING INDUSTRIAL DR,36.0954306,-86.6977781
2815 ST EDWARDS DR,36.1122815,-86.73855309999999
1708 HICKORY HOLLOW TER,36.0523382,-86.6478479
THOMPSON LN / WINGATE AVE,36.1099452,-86.7345821
412 TANGLEWOOD CT,36.0839868,-86.7148041
3117 SOUTHLAKE DR,36.1053266,-86.72920099999999
3408 COUNTRY WAY RD,36.0747906,-86.60092039999999
300 S SHORE DR,36.0551457,-86.584448
2318 ANTIOCH PIKE,36.062581,-86.6758435
420 MOSSY OAK TRL,36.0413879,-86.6187265
248 TANGLEWOOD CT,36.0820476,-86.71484079999999
246 CHIMNEYTOP DR,36.038897,-86.6628774
2030 PINECREST DR,36.0460412,-86.7049119
704 POINT BREAK CIR N,36.0524298,-86.584448
7216 LEGACY DR,36.0097471,-86.6485728
6350 NOLENSVILLE PIKE,36.0139103,-86.70378819999999
2723 MURFREESBORO PIKE,36.0698349,-86.6347444
5169 HICKORY HOLLOW PKWY,36.049571,-86.66327270000001
2820 FOSTER AVE,36.1114572,-86.7425607
2208 FOX AVE,36.1249436,-86.7438549
105 ELBERTA ST,36.1178891,-86.7420499
MM 61 0 I24 W,36.4116682,-87.0406462
MM 60 0 I24 W,36.4116682,-87.0406462
CANE RIDGE RD / MOUNTAINHIGH DR,36.0390233,-86.6591443
305 VALERIA ST,36.1210844,-86.7458126
5341 CANE RIDGE RD,36.04399060000001,-86.6640597
1235 LEWIS ST,36.1442956,-86.759138
310 ROSE ST,36.1235276,-86.7459197
5851 CANE RIDGE RD,36.013592,-86.64180189999999
7226 ALTHORP WAY,36.0273916,-86.71140530000001
RR XING RICHARDS RD,36.0684015,-86.6730702
8441 CALLABEE WAY,36.0102277,-86.69899079999999
6224 BENT WOOD DR,36.0440078,-86.62209399999999
BELL RD / BROOK VIEW ESTATES DR,36.043923,-86.69328709999999
258 PLUS PARK BLVD,36.1251674,-86.7244729
776 DOVER GLEN DR,36.0747644,-86.6526987
8822 DOLCETTO GRV,36.0010553,-86.6889428
319 ANTIOCH PIKE,36.1015187,-86.7389068
1240 2ND AVE S,36.1437448,-86.7629664
3037 ANDERSON RD,36.0733359,-86.6203579
TUSCULUM RD / SHACKLETT LANE CT,36.0528596,-86.674662
408 MOUNTAINHIGH DR,36.038755,-86.6637792
480 MOUNTAINHIGH DR,36.0372902,-86.6626974
2557 MURFREESBORO PIKE,36.0760488,-86.6416946
MCCALL ST / COLBY DR,36.09853640000001,-86.72828319999999
3308 DAISY TRL,36.0762642,-86.6020236
THOMPSON LN / EAST THOMPSON LN,36.1095127,-86.72784000000001
PARAGON MILLS RD / LINBAR DR,36.0870159,-86.7066938
221 DELVIN DR,36.0525207,-86.6940162
249 BRIDGEWAY CIR,36.1019221,-86.7151511
825 HAMILTON CROSSINGS,36.0643657,-86.63075769999999
4050 SADDLECREEK WAY,36.0357665,-86.6156646
4001 MOSS RD,36.0594146,-86.66703059999999
442 TAMPA DR,36.09169180000001,-86.7160342
545 ROXANNE DR,36.046846,-86.69755549999999
210 TWIN OAKS DR,36.10336650000001,-86.7160548
14985 OLD HICKORY BLVD,36.0452502,-86.7105699
226 TANGLEWOOD CT,36.0817298,-86.7147542
3144 OLD FRANKLIN RD,36.0294741,-86.6455659
312 BLUE LAKE CIR,36.0513595,-86.67477029999999
2518 NOLENSVILLE PIKE,36.118062,-86.74855
318 NATCHEZ CT,36.0939162,-86.7354098
532 JANICE DR,36.047816,-86.692925
2967 ANDERSON RD,36.073698,-86.62427459999999
324 GLENROSE AVE,36.1258382,-86.7467901
1846 ISABELLE CT,36.1626638,-86.7816016
1016 CLEMMONS ST,36.1147625,-86.7448197
1421 HICKORY HIGHLANDS DR,36.064449,-86.642213
401 ARBOR KNOLL BLVD,36.0428368,-86.668442
132 PAINTER DR,36.0636487,-86.6030086
351 HICKORY HOLLOW TER,36.0534732,-86.64778609999999
295 LAWNDALE DR,36.1229024,-86.71902159999999
239 DELVIN DR,36.0527074,-86.6961791
3900 NOLENSVILLE PIKE,36.0870134,-86.72959399999999
4821 FOLEY DR,36.0775984,-86.7172528
TAMPA DR / PARAGON MILLS RD,36.0876757,-86.7149106
5154 LINBAR DR,36.0797257,-86.6971496
213 CHIMNEYTOP DR,36.0398648,-86.6622191
805 COLO PL,36.0075847,-86.62589439999999
88 TUSCULUM RD,36.0524864,-86.6819807
MM 58 8 I24 W,36.4116682,-87.0406462
1111 FOSTER AVE,36.1388351,-86.7410822
1000 GREYSTONE CT,36.0404726,-86.5788508
915 HICKORY HIGHLANDS DR,36.0635175,-86.64390999999999
223 JOYNER AVE,36.1162039,-86.74558569999999
5015 PACKARD DR,36.0617723,-86.7064025
8521 CALISTOGA WAY,36.0017051,-86.69139849999999
HOBSON PIKE / GRANNY WRIGHT LN,36.1094637,-86.54952320000001
2004 ALPENGLOW PT,36.0479707,-86.6188841
EAST THOMPSON LN / I24 E,36.1177459,-86.7189948
OAK SPRINGS CT / OAK CHASE DR,36.0328093,-86.6754018
55 PERKINS ST,36.1469133,-86.7593265
2625 GLENROSE AVE,36.11574299999999,-86.7239347
5217 SUNSAIL DR,36.0671788,-86.58308819999999
MM 59 0 I24 E,36.4090703,-87.0379232
1373 ROCKGLADE RUN,36.0521145,-86.60328439999999
WHARF AVE / TRIMBLE ST,36.14644,-86.7628996
123 VICKEY CT,36.0380964,-86.7083167
3819 SYFERT LN,36.0722805,-86.6950387
3000 COUNTRY MEADOW RD,36.0722394,-86.6022206
214 GLENROSE AVE,36.125489,-86.74300579999999
3712 TIBBS DR,36.0945726,-86.7322465
1734 SPRUCEDALE DR,36.037515,-86.6124275
ROCK CREEK DR / HICKORY WAY,36.03126779999999,-86.5901724
605 BRIDGETTE CT,36.0389223,-86.6246342
4916 NOLENSVILLE PIKE,36.0627627,-86.7154642
167 HICKORY HOLLOW TER,36.0525581,-86.6456946
220 PANAMINT DR,36.061155,-86.688255
5600 MURPHYWOOD CRSG,36.0387189,-86.62494919999999
817 CEDAR POINTE PKWY,36.0473232,-86.66636940000001
8481 LAWSON DR,36.0083869,-86.6469982
504 VALOR WAY,36.0611458,-86.6696241
13344 OLD HICKORY BLVD,36.004615,-86.6294099
436 TANGLEWOOD CT,36.083608,-86.7145715
615 BLUE LAKE TRL,36.0501097,-86.6760664
107 ROLYNN DR,36.1118733,-86.7352329
4201 HURRICANE CREEK BLVD,36.0295613,-86.59221199999999
MM 55 6 I24 E,36.1626638,-86.7816016
3401 ANDERSON RD,36.0839185,-86.6027773
3245 ANDERSON RD,36.0760146,-86.6082091
5320 SKIP JACK DR,36.0638763,-86.5863201
408 TANGLEWOOD CT,36.0840223,-86.71475149999999
3312 OAK TREES CT,36.0746548,-86.6081303
271 BRIDGEWAY CIR,36.1021827,-86.715667
EXIT 57 I24 W,36.4116682,-87.0406462
4732 APOLLO DR,36.07000730000001,-86.6664797
3577 GONDOLA DR,36.083227,-86.599535
2023 FORGES DR,36.09000899999999,-86.6626234
TANKSLEY AVE / DOBBS AVE,36.108134,-86.7361431
2206 DORTCH AVE,36.1251348,-86.745554
4041 DARLENE DR,36.05815700000001,-86.69529059999999
1620 SPRUCEDALE DR,36.0352804,-86.6137348
2981 BABY RUTH LN,36.047413,-86.63987279999999
HARDING PL / I24 W,36.0803992,-86.7232096
7001 LENOX VILLAGE DR,36.026609,-86.712018
1612 CARSON MEADOWS LN,35.9825813,-86.61573589999999
305 BODDINGTON LN,36.0218981,-86.6910469
837 ROCKY MOUNTAIN PKWY,36.0841558,-86.65367289999999
103 PEBBLE CREEK CIR,36.074332,-86.6636479
14087 OLD HICKORY BLVD,36.0112919,-86.66980459999999
4061 CALUMET DR,36.0649269,-86.61668619999999
3748 SEASONS DR,36.0722297,-86.5913844
1412 ANTIOCH PIKE,36.0826966,-86.6882179
1250 FOSTER AVE,36.1319612,-86.73951579999999
4489 LAVERGNE COUCHVILLE PIKE,36.031476,-86.5878769
NOLENSVILLE PIKE / LENOX VILLAGE DR,36.0254978,-86.713037
914 SAXONY LAKE DR,36.0509684,-86.6759283
508 TITAN CT,36.0854106,-86.6513281
909 CREEKEDGE CT,36.0307745,-86.67808629999999
303 KERN DR,36.0813956,-86.72114409999999
1402 RICE HILL CIR,36.0658961,-86.642
I24 E / BRILEY PKWY S,36.2343629,-86.8007348
EXIT 52 I24 W,36.4116682,-87.0406462
2630 AVERY PARK DR,36.01940099999999,-86.7017728
5832 PETTUS RD,36.0222195,-86.661187
776 WESTCOTT LN,35.9894726,-86.666283
2704 FOSTER CT,36.114412,-86.742611
412 METROPLEX DR,36.0878141,-86.69425299999999
3344 MILBRIDGE DR,36.0842258,-86.5835809
907 KEELEY CT,36.0612781,-86.6954974
520 MCDONALD DR,36.1142903,-86.70801449999999
BELL RD RR OVERPASS,36.1076916,-86.6299188
271 CATHY JO DR,36.0915389,-86.72053489999999
3005 BROMLEY WAY,36.0691612,-86.6528238
1740 PARK TERRACE LN,35.9837255,-86.6139788
3737 FAULKNER DR,36.0751777,-86.71172969999999
1419 ARBOR RIDGE DR,36.0436608,-86.66764599999999
2528 JOHNSON RIDGE RD,36.0734131,-86.654542
2220 SADLER AVE,36.1242428,-86.7480606
1348 TREE HOUSE DR,36.0460599,-86.59177849999999
SAXONY LAKE DR / BLUE LAKE CIR,36.05062849999999,-86.6760525
504 BRUIN DR,36.07173179999999,-86.6303053
1928 STREAMFIELD CT,36.0681556,-86.656691
815 FESSLERS LN,36.1384401,-86.7470589
OLD HICKORY BLVD / BELL RD,36.0453834,-86.70267299999999
5330 MT VIEW RD,36.0467547,-86.6498175
2915 WALNUT CREST DR,36.0709831,-86.6269183
600 HICKORY GLADE CT,36.060439,-86.7034985
3500 FLOYD CIR,36.0335511,-86.6168383
305 FOXGLOVE DR,36.0844885,-86.7202204
2100 NOLENSVILLE PIKE,36.1300323,-86.75440449999999
4930 LINBAR DR,36.0831498,-86.70229379999999
DORTCH AVE / GLENROSE AVE,36.1255518,-86.7458573
1605 SPRUCEDALE DR,36.035302,-86.61463599999999
CEDAR ASH CRSG / ISABELLE LN,36.0412561,-86.6283301
3384 OAK TREES CT,36.076736,-86.60595939999999
3705 WINDSHORE WAY,36.0601642,-86.58783749999999
32 CAMEO DR,36.1126088,-86.71941470000002
238 BRITISH WOODS DR,36.0903724,-86.6524244
519 DUNAILIE DR,36.1125815,-86.7060094
1186 BARNES RD,36.032431,-86.701424
SHEILA DR / BRENDA LN,36.06005,-86.6920841
1097 RURAL HILL RD,36.0687016,-86.6398336
3209 CLOUDFALLS TRCE,36.095706,-86.8888094
47 HICKORY HOLLOW PL,36.052711,-86.6599387
CURREY RD / MCGAVOCK PIKE,36.105222,-86.7039872
1108 WHITE MOUNTAIN LN,36.0833786,-86.6560512
3554 GONDOLA DR,36.0825621,-86.6012243
228 HICKORY HOLLOW TER,36.0532818,-86.6459805
228 HICKORY HOLLOW PL,36.0523099,-86.66144910000001
2394 SOMERSET VALLEY DR,36.0302875,-86.6977387
2007 ROSEMARY LN,36.1299807,-86.75014259999999
578 BRADBURN VILLAGE CIR,36.0541148,-86.61327109999999
1234 3RD AVE S,36.1436939,-86.7642231
BRILEY PKWY N / I24 E,36.1089162,-86.7243846
5209 LINBAR DR,36.0763326,-86.696592
1508 HICKORY HOLLOW TER,36.0531043,-86.6506319
2010 HICKORY HIGHLANDS DR,36.0624113,-86.64191799999999
66 EAST THOMPSON LN,36.1104878,-86.72872939999999
3900 CALUMET DR,36.0683425,-86.6161712
221 TANGLEWOOD CT,36.0818344,-86.7138155
1283 MURFREESBORO PIKE,36.1160874,-86.6992073
1098 FOSTER AVE,36.1396877,-86.7399087
4916 PACKARD DR,36.063027,-86.70120399999999
849 HAMILTON CROSSINGS,36.0637579,-86.631228
324 CEDARVIEW DR,36.0419722,-86.7071102
229 BENZING RD,36.0483257,-86.6858031
240 CHIMNEYTOP DR,36.038897,-86.6628774
3504 DONNA KAY DR,36.0940225,-86.70974439999999
253 DELVIN DR,36.0528093,-86.6983419
745 RICHARDS RD,36.0676868,-86.6684865
NOLENSVILLE PIKE / ELBERTA ST,36.1189371,-86.74922310000001
104 BRIDGEWAY DR,36.1004494,-86.7176685
1445 ANTIOCH PIKE,36.0807017,-86.6865435
3525 GONDOLA DR,36.082721,-86.603768
1108 ARBOR RIDGE DR,36.044401,-86.66591439999999
6324 MT VIEW RD,36.0703406,-86.5920938
4417 BENCH MARK DR,36.070855,-86.5879321
1106 3RD AVE S,36.1465684,-86.766148
4696 NOLENSVILLE PIKE,36.0685561,-86.7189646
4708 BILLINGSGATE RD,36.0775658,-86.6667158
355 TANGLEWOOD CT,36.0838902,-86.71560079999999
1505 MOCK ORANGE CIR,36.0871765,-86.6538078
1007 CEDAR POINTE PKWY,36.0471318,-86.66647999999999
412 BLACK MOUNTAIN DR,36.08499,-86.6530123
804 HICKORY HOLLOW TER,36.0517473,-86.64881880000002
307 LEAFLAND AVE,36.1267709,-86.7450278
1008 ARCADIA CT,36.0748332,-86.5979258
8366 HIGHWAY 70,36.092462,-86.98514580000001
645 HARPETH TRACE DR,36.0784993,-86.89319330000001
7472 RIVERLAND DR,36.0933451,-87.0043554
5605 PENNSYLVANIA AVE,36.1626467,-86.8562448
178 WESTFIELD DR,36.0851929,-86.94507899999999
HICKS RD / SAWYER BROWN RD,36.0866141,-86.93692639999999
5813 MORROW RD,36.1613433,-86.8598899
717 W MEADE DR,36.1145594,-86.8868474
4111 CHARLOTTE AVE,36.1518985,-86.8367408
7395 OLD HARDING PIKE,36.0645066,-86.9384086
1221 FORREST PARK DR,36.083347,-86.8716269
853 MOUNTAIN VALLEY DR,36.0941458,-86.9267824
4001 HARDING PIKE,36.1279647,-86.8374858
6305 CHARLOTTE PIKE,36.1453367,-86.8710783
1013 43RD AVE N,36.1620287,-86.8391523
1633 54TH AVE N,36.1669877,-86.8528889
3977 ALAMEDA ST,36.1611634,-86.8347287
3601 HOBBS RD,36.1021191,-86.8343684
4411 IDAHO AVE,36.1464175,-86.8402893
RUSSLEO DR / LANSING DR,36.13854450000001,-86.8774268
5122 CHARLOTTE AVE,36.152257,-86.849581
WEST END AVE / ELMINGTON AVE,36.1353086,-86.8235387
5760 RIVER RD,36.1321229,-86.9106072
985 TODD PREIS DR,36.071848,-86.95056199999999
4010 ALAMEDA ST,36.1602681,-86.8345638
6705 BOUNDARY RUN,36.0872855,-87.0053202
53RD AVE N / DAKOTA AVE,36.1473389,-86.8508952
SAWYER BROWN RD / WILLIAMSPORT CT,36.1014558,-86.931248
5900 CHARLOTTE PIKE,36.14962999999999,-86.8633976
7640 HIGHWAY 70 S,36.0799929,-86.9507359
7209 EXPLORER TRL,36.0826144,-87.0104704
STONEWAY TRL / WHITE BRIDGE PIKE,36.1363849,-86.8581042
I40 W EXT RAMP / 46TH AVE N,36.1499718,-86.8420912
7408 CABOT DR,36.1360482,-86.8964786
806 LYNNWOOD BLVD,36.0912685,-86.8493159
5201 ALABAMA AVE,36.1527181,-86.8501886
1033 GENERAL GEORGE PATTON RD,36.06738199999999,-86.95231
HICKS RD / HIGHWAY 70 S,36.0739239,-86.92625319999999
PERCY WARNER BLVD / HARDING PIKE,36.0963795,-86.87762959999999
3918 CAYLOR DR,36.10518750000001,-86.8236618
5106 DELAWARE AVE,36.1544365,-86.8494438
4505 CHARLOTTE AVE,36.1518775,-86.8415832
1217 DAVIDSON RD,36.1251582,-86.9014953
8125 SAWYER BROWN RD,36.0817942,-86.9482487
4072 ALAMEDA ST,36.1575813,-86.8329655
203 SUSANNAH DR,36.1481354,-86.83127259999999
6421 LANSING DR,36.1386401,-86.8768576
50TH AVE N / ELKINS AVE,36.1498059,-86.8470691
6961 HIGHWAY 70 S,36.0764578,-86.91413229999999
824 HIGHLAND PARK CT,36.0793075,-86.89174349999999
AVONDALE PARK BLVD / HOLGATE CT,36.0697724,-86.9920197
7121 HIGHWAY 70 S,36.0735006,-86.9251692
TYNE BLVD / HARPETH HILLS DR,36.0849224,-86.85067889999999
4617 MICHIGAN AVE,36.1586696,-86.8435828
349 BELLE VALLEY DR,36.1040745,-86.9251335
7036 WESTSIDE CIR,36.0788946,-86.8875992
4500 POST RD,36.126523,-86.853618
3440 ELIZABETH JORDAN ST,36.1567549,-86.829628
I440 E / I40 W EXT RAMP,36.1208484,-86.7649919
4530 HARDING PIKE,36.124744,-86.84944109999999
518 SNYDER AVE,36.1534077,-86.86014899999999
104 42ND AVE N,36.141412,-86.83704399999999
7407 OLD CHARLOTTE PIKE,36.1214575,-86.9251048
632 HARPETH BEND DR,36.0612849,-86.93022979999999
1028 TREATY OAKS DR,36.1620617,-86.85947019999999
804 FOSTER HL,36.1039708,-86.8256542
7103 HIGHWAY 70 S,36.0736074,-86.9217883
4513 PARK AVE,36.1507009,-86.84197530000002
5907 CHARLOTTE PIKE,36.1483705,-86.8638679
2130 GOLF CLUB LN,36.1189166,-86.81040279999999
5216 GEORGIA AVE,36.1555299,-86.851541
7205 BIRCH BARK DR,36.06651,-86.9304292
326 BRIDGEWALK PL,36.0957979,-86.92577109999999
6813 CHARLOTTE PIKE,36.1338555,-86.8900907
7419 STACY DR,36.0756,-86.9374303
915 38TH AVE N,36.159522,-86.8316822
2325 CRESTMOOR RD,36.1101182,-86.8179184
7077 HIGHWAY 70 S,36.0732775,-86.91891919999999
BROOK HOLLOW RD / DAVIDSON RD,36.1175836,-86.8873891
6705 CENTENNIAL BLVD,36.1719013,-86.8747041
6206 MORROW RD,36.1645261,-86.8645047
6106 NEIGHBORLY AVE,36.1456268,-86.86917559999999
819 45TH AVE N,36.1577231,-86.84150009999999
2207 BANDYWOOD DR,36.1045674,-86.8170524
6203 MORROW RD,36.164095,-86.8646321
HILLSBORO PIKE / GLEN ECHO RD,36.1086749,-86.8121425
7416 GEORGE GAINES RD,36.0680655,-86.9430643
1460 BENDING RIVER DR,36.0905302,-87.00972809999999
725 HARPETH BEND DR,36.0578247,-86.93601679999999
732 OLD HICKORY BLVD,36.1198818,-86.9229321
1914 AMBERWOOD CIR,36.0858878,-86.9177108
5026 CENTENNIAL BLVD,36.162462,-86.84871299999999
812 NASHUA CT,36.1580912,-86.8700791
4407 TENNESSEE AVE,36.1606785,-86.8409951
2148 BANDYWOOD DR,36.1053295,-86.8166086
51 OLD CLUB CT,36.1244462,-86.82144570000001
2136 BANDYWOOD DR,36.1054545,-86.8167756
6121 ROBERTSON AVE,36.1569495,-86.8709999
509 WESTWARD WINDS DR,36.0648438,-86.93332149999999
918 MOUNTAIN VALLEY DR,36.097033,-86.9285665
213 DEER PARK DR,36.1087979,-86.8618865
233 W HILLWOOD DR,36.1273169,-86.8629273
1409 51ST AVE N,36.1654524,-86.849287
5314 ELKINS AVE,36.1497907,-86.852521
7414 HARROW DR,36.077145,-86.936874
1266 GENERAL GEORGE PATTON RD,36.0698628,-86.950459
6500 HIGHWAY 100,36.0929306,-86.8771711
ROBERTSON AVE / STEVENSON ST,36.1565628,-86.8658562
2602 HILLMEADE DR,36.0837513,-86.899633
HIGHWAY 70 S / SADDLE RIDGE TRCE,36.0803702,-86.966355
830 BROOK HOLLOW RD,36.130731,-86.8829203
5808 CHARLOTTE PIKE,36.14970479999999,-86.86220229999999
MURPHY RD / I440 E,36.1404359,-86.8303214
242 40TH AVE N,36.1490781,-86.8334665
516 NEWTON AVE,36.1523285,-86.8632506
603 ERIN LN,36.0796766,-86.9095055
449 ANNEX AVE,36.1486349,-86.88625979999999
827 MOUNTAIN VALLEY DR,36.0929676,-86.92635519999999
810 RED TANAGER CT,36.0485277,-86.91353529999999
864 CLEMATIS DR,36.129317,-86.8990827
7401 HIGHWAY 70 S,36.0733561,-86.9356344
3503 MURPHY RD,36.1395943,-86.8242894
6210 CHARLOTTE PIKE,36.1468241,-86.8702917
4504 ELKINS AVE,36.1502419,-86.841446
258 FOUNDERS LN,36.16151929999999,-86.8457968
6356 BRESSLYN RD,36.1091171,-86.8928794
7569 OLD HARDING PIKE,36.0597672,-86.9439647
6948 HIGHWAY 70 S,36.0789221,-86.9138485
4210 CHARLOTTE AVE,36.1526258,-86.8382014
5703 VINE RIDGE DR,36.1342625,-86.8603234
6769 BROOKMONT TER,36.0832598,-86.89731789999999
4027 WESTLAWN DR,36.1391664,-86.8350475
1033 40TH AVE N,36.163354,-86.83797589999999
6734 CHARLOTTE PIKE,36.135785,-86.8869153
HIGHWAY 70 / MCCRORY LN,36.093374,-87.0230792
8554 HIGHWAY 70,36.0935995,-86.997141
61 VAUGHN RD,36.0525326,-86.9000822
7358 CABOT DR,36.1356478,-86.89716349999999
583 COUNTRY CLUB LN,36.0825701,-86.893912
4320 HARDING PIKE,36.1269627,-86.8461507
3307 HARPETH SPRINGS DR,36.072869,-86.974534
44TH AVE N / DAKOTA AVE,36.1477069,-86.839325
517 RIVER ROUGE DR,36.14755830000001,-86.8823424
6400 LANSING DR,36.1399734,-86.8759565
4600 MURPHY RD,36.1412402,-86.8407954
I440 E EXT RAMP / HILLSBORO PIKE,36.1181589,-86.8005897
7514 OLD HARDING PIKE,36.062873,-86.9425953
8109 BOONE TRCE,36.0887036,-87.0111673
2133 GREEN HILLS VILLAGE DR,36.1078195,-86.8149341
325 54TH AVE N,36.1498764,-86.8544695
753 23RD ST,36.16488750000001,-86.8722734
6119 CHARLOTTE PIKE,36.147046,-86.86912629999999
229 HAVERFORD AVE,36.1013426,-86.8760348
6005 POST RD,36.1058674,-86.8689819
3509 ELKINS AVE,36.1504647,-86.8267494
7835 COLEY DAVIS RD,36.0776024,-86.9618393
1366 GENERAL GEORGE PATTON RD,36.0696427,-86.9524775
MURPHY RD / 42ND AVE N,36.140938,-86.8374096
2828 KENWAY RD,36.1087741,-86.825368
CLIFTON AVE / 40TH AVE N,36.1581903,-86.8342091
RUSSELL ST / S 2ND ST,36.1684509,-86.7703164
MM 210 8 I40 W,36.1626638,-86.7816016
UNION ST / 2ND AVE N,36.1743706,-86.7829939
444 JAMES ROBERTSON PKWY,36.1679634,-86.7812675
133 12TH AVE N,36.1579256,-86.78887499999999
LEA AVE / 4TH AVE S,36.1547087,-86.7731228
121 LEA AVE,36.155539,-86.77074499999999
136 ROSA L PARKS BLVD,36.1600957,-86.7825723
EWING AVE / LAFAYETTE ST,36.1533286,-86.7757409
710 S 1ST ST,36.1619309,-86.7685623
ROSA L PARKS BLVD / CHURCH ST,36.1615803,-86.78383610000002
147 4TH AVE N,36.1626887,-86.7786332
138 1ST AVE N,36.162836,-86.7747551
1236 3RD AVE N,36.1775674,-86.7860773
201 HOWERTON ST,36.1726096,-86.7708986
13TH AVE S / DEMONBREUN ST,36.1540618,-86.78756469999999
1112 DIVISION ST,36.1511927,-86.7838293
1205 2ND AVE N,36.1773389,-86.78528709999999
234 4TH AVE N,36.1648201,-86.7794871
REP JOHN LEWIS WAY S / ELM ST,36.1527922,-86.7734145
526 REP JOHN LEWIS WAY S,36.154415,-86.774052
LIFEWAY PLZ / GEORGE L DAVIS BLVD,36.164219,-86.7932909
228 11TH AVE S,36.1541366,-86.7839449
125 4TH AVE S,36.1604069,-86.7763813
PEABODY ST / 6TH AVE S,36.1549189,-86.7766651
DIVISION ST / 6TH AVE S,36.15119019999999,-86.77425219999999
815 REP JOHN LEWIS WAY N,36.1703117,-86.7849572
123 2ND AVE N,36.162558,-86.77576859999999
221 3RD AVE N,36.164997,-86.77845649999999
6TH AVE S / MULBERRY ST,36.14992,-86.7734054
645 DIVISION ST,36.1496775,-86.7773708
222 STOCKYARD ST,36.1722836,-86.7828546
PRINTERS ALY / BANKERS ALY,36.1651097,-86.7777566
115 4TH AVE S,36.160381,-86.7770496
ELM ST / REP JOHN LEWIS WAY S,36.1546205,-86.7746036
709 REP JOHN LEWIS WAY N,36.1693083,-86.78416120000001
4TH AVE N / JAMES ROBERTSON PKWY,36.1672653,-86.7810836
PEABODY ST / 4TH AVE S,36.156067,-86.7739679
185 2ND AVE N,36.1638683,-86.776788
25 THE ARCADE,36.164524,-86.779631
ASH ST / EWING AVE,36.1513686,-86.7756842
504 REP JOHN LEWIS WAY S,36.155481,-86.77473359999999
601 12TH AVE S,36.1516349,-86.78457870000001
833 4TH AVE S,36.1513053,-86.77140899999999
121 12TH AVE N,36.1575993,-86.7883978
3RD AVE N / STOCKYARD ST,36.1722059,-86.7828913
LOT F,36.169032,-86.773843
1044 DR MARTIN L KING JR BLVD,36.1626638,-86.7816016
COMMERCE ST / 7TH AVE N,36.1607792,-86.78176289999999
143 REP JOHN LEWIS WAY N,36.1620108,-86.77983400000001
REP JOHN LEWIS WAY N / HARRISON ST,36.1701565,-86.784701
249 N 1ST ST,36.176414,-86.7742449
MCGAVOCK ST / 12TH AVE S,36.1555562,-86.7867931
PEABODY ST / 1ST AVE S,36.1571604,-86.77118399999999
846 1ST AVE N,36.1734859,-86.78057100000001
222 1ST AVE S,36.1603992,-86.7719731
CHURCH ST / GAY ST,36.1678613,-86.7831738
1000 CHURCH ST,36.1612198,-86.78550299999999
625 FOGG ST,36.1506341,-86.7761384
LAFAYETTE ST / ELM ST,36.1526109,-86.7736668
I40 W ENT RAMP / GEORGE L DAVIS BLVD,36.1598618,-86.7918657
CHURCH ST / 9TH AVE N,36.1613015,-86.7845037
515 BELL RD,36.0711414,-86.6370599
47 FERN AVE,36.1960941,-86.77765169999999
2316 TWO RIVERS PKWY,36.1872049,-86.68676549999999
305 CHESTNUT ST,36.1440451,-86.7654601
2766 OLD MATTHEWS RD,36.2188191,-86.7934904
621 MYRTLE ST,36.1820894,-86.75709499999999
201 MAPLEWOOD TRCE,36.23302,-86.7554257
541 SUMMER PL,36.1658358,-86.760058
1110 STRATTON AVE,36.1823355,-86.7473928
620 SHELBY AVE,36.1686929,-86.75843040000001
622 S 7TH ST,36.1674019,-86.7571463
SHELBY AVE / S 6TH ST,36.168319,-86.760305
MCGAVOCK PIKE / ARDEE AVE,36.2095932,-86.71359149999999
1070 LISCHEY PL,36.1774307,-86.7662972
4505 GALLATIN PIKE,36.228996,-86.725572
1213 HOLLY ST,36.1762155,-86.747491
815 GLORIA WAY,36.2103383,-86.7714002
614 N 5TH ST,36.1816591,-86.7643114
1025 CAROLYN AVE,36.1975907,-86.7428357
SHELBY AVE / S 12TH ST,36.171066,-86.7494261
505 N 3RD ST,36.1790102,-86.7679505
PETWAY AVE / MCFERRIN AVE,36.1873072,-86.7540913
1409 MONETTA AVE,36.2005166,-86.7320304
911 STROUSE AVE,36.1950203,-86.7495927
1810 EASTLAND AVE,36.1824679,-86.73743329999999
SHELBY PARK ENTRANCE AT S 19TH ST,36.1720872,-86.7371405
914 WOODLAND ST,36.1750969,-86.7554846
1609 ESSEX AVE,36.1995453,-86.724367
624 S 9TH ST,36.1687625,-86.75297929999999
511 FATHERLAND ST,36.17046,-86.7626719
1309 MERIDIAN ST,36.194685,-86.7669916
4402 SAUNDERS AVE,36.2303687,-86.7319113
245 FOSTER ST,36.1791709,-86.76828739999999
LISCHEY AVE / JOY AVE,36.2033075,-86.7615315
2921 DICKERSON PIKE,36.2231431,-86.76091439999999
CRUTCHER ST / DAVIDSON ST,36.1637462,-86.75463529999999
2028 FORREST GREEN DR,36.1969519,-86.7036928
936 SEYMOUR AVE,36.186016,-86.754046
903 MAYNOR AVE,36.2083972,-86.7414606
ANISHA PL / LISCHEY PL,36.1772991,-86.76971850000001
902 MAIN ST,36.1758957,-86.7568201
1039 CHICAMAUGA AVE,36.1850993,-86.74931769999999
1020 LISCHEY AVE,36.1894848,-86.7642427
159 DELLWAY DR,36.2142815,-86.7577823
823 N 5TH ST,36.1857856,-86.7629664
826 MAIN ST,36.1754836,-86.7572521
S 7TH ST / FATHERLAND ST,36.1715074,-86.7591463
MERIDIAN ST / E TRINITY LN,36.2056433,-86.7657873
EXIT 15B BRILEY E,36.2343629,-86.8007348
618 S 7TH ST,36.1674532,-86.7571751
STRATFORD AVE / INGLEWOOD CIR S,36.2088165,-86.7177013
572 S 5TH ST,36.1664788,-86.7624689
1217 DICKERSON PIKE,36.1930168,-86.77230229999999
617 N 5TH ST,36.1824109,-86.7635162
2729 BOBBY AVE,36.2100624,-86.7108844
140 S 5TH ST,36.1722985,-86.7650188
905 CHEROKEE AVE,36.2013863,-86.750362
1228 DAVELLA DR,36.2129537,-86.7721131
621 S 7TH ST,36.1678552,-86.7565427
224 RIVERSIDE DR,36.1695133,-86.72617489999999
223 RIVERSIDE DR,36.1696222,-86.7255068
SB AP 3,36.1431097,-86.7963178
1000 RUSSELL ST,36.175768,-86.7514771
QUEEN AVE / DICKERSON PIKE,36.2084596,-86.76724399999999
1515 DAVIDSON ST,36.1643429,-86.74096949999999
1506 JONES AVE,36.1998392,-86.7588047
1112 WOODLAND ST,36.1770123,-86.7487481
105 S 11TH ST,36.1772003,-86.7497832
MERIDIAN ST / FOSTER ST,36.1792063,-86.7692594
841 VIBE PL,36.2034843,-86.7419776
1612 SHELBY AVE,36.17008450000001,-86.7418046
DUGGER DR / SHERIDAN RD,36.1924366,-86.7117167
3909 BAXTER AVE,36.2177918,-86.7304429
1800 DICKERSON PIKE,36.2040276,-86.76942609999999
3016 CONVISER DR,36.2221832,-86.7534177
306 MYRTLE ST,36.180276,-86.757481
1411 MERIDIAN ST,36.1978275,-86.7666474
216 N 9TH ST,36.1791563,-86.7583125
614 S 12TH ST,36.1682985,-86.75010329999999
RAMSEY ST / NEILL AVE,36.1768568,-86.7581652
724 N 9TH ST,36.1842705,-86.7586688
1306 EASTLAND AVE,36.1831981,-86.7456054
1604 SHELBY AVE,36.17020979999999,-86.74244279999999
849 CHEROKEE AVE,36.2016632,-86.75165489999999
1807 SEVIER ST,36.166322,-86.738833
1601 DAVIDSON ST,36.165105,-86.73351339999999
1055 WHITES CREEK PIKE,36.1935919,-86.7743931
198 GATEWOOD AVE,36.199609,-86.7686949
1025 W GREENWOOD AVE,36.1909691,-86.74861059999999
CHICKASAW AVE / JONES AVE,36.2010926,-86.7583222
202 S 4TH ST,36.1689422,-86.7649988
1201 EASTLAND AVE,36.1837916,-86.7463569
124 ELMHURST AVE,36.1964249,-86.773009
2318 CARTER AVE,36.1882934,-86.72031869999999
546 S 5TH ST,36.1663109,-86.7627986
907 WARD ST,36.19839899999999,-86.7539135
934 BOSCOBEL ST,36.1724303,-86.7524602
1586 MCGAVOCK PIKE,36.2086102,-86.71436969999999
3826 HUTSON AVE,36.21973790000001,-86.741107
1002 SHARPE AVE,36.1895897,-86.75008369999999
2622 GALLATIN PIKE,36.1978804,-86.74073779999999
MONETTA AVE / NORTHVIEW AVE,36.2005618,-86.735028
1401 STRATFORD AVE,36.2125282,-86.7205152
1001 SHADOW LN,36.1860865,-86.70624529999999
GALLATIN PIKE / MCCHESNEY AVE,36.213298,-86.73136679999999
2417 PAULAWOOD DR,36.2083321,-86.7546991
3400 GALLATIN PIKE,36.2102013,-86.7323629
521 SHELBY AVE,36.1684423,-86.76115380000002
1456 JANIE AVE,36.2113215,-86.7135577
608 JOSEPH AVE,36.181304,-86.77266170000001
352 RIVERSIDE DR,36.1782233,-86.72613530000001
4806 LINDELL ST,36.2318504,-86.7271574
3116 DICKERSON PIKE,36.2309915,-86.7594908
823 WOODLAND ST,36.1750326,-86.7570911
668 S 7TH ST,36.1669231,-86.7568149
DICKERSON PIKE / W MAPLEWOOD LN,36.2331215,-86.7586573
203 S 11TH ST,36.175043,-86.750051
315 DELLWAY VILLA RD,36.2134358,-86.7620139
S 13TH ST / FATHERLAND ST,36.1738904,-86.7476054
900 RUSSELL ST,36.1737537,-86.755956
1102 JOSEPH AVE,36.1903708,-86.7719784
WOODLAND ST / N 11TH ST,36.1775691,-86.7499363
1217 PENNOCK AVE,36.1932542,-86.7657742
864 SEYMOUR AVE,36.1860981,-86.7543823
1016 MCCLURKAN AVE,36.1951954,-86.745966
514 S 6TH ST,36.1674935,-86.7603616
1008 CAROLYN AVE,36.1976869,-86.7446468
1323 MCALPINE AVE,36.2166929,-86.716388
818 BOSCOBEL ST,36.1714007,-86.7551311
S 12TH ST / HOLLY ST,36.1760659,-86.7486742
1129 CAHAL AVE,36.1967387,-86.7395354
S 8TH ST / WOODLAND ST,36.1741676,-86.75864380000002
611 S 7TH ST,36.1680756,-86.75663519999999
336 DELLWAY VILLA RD,36.2136592,-86.7624937
1521 JONES AVE,36.2013336,-86.7577417
140 N 7TH ST,36.175275,-86.7620828
241 DELLWAY VILLA RD,36.2127427,-86.7596944
641 S 7TH ST,36.1676648,-86.75638239999999
2400 GALLATIN AVE,36.1948739,-86.7432096
2400 BRITTANY DR,36.1758631,-86.7228342
723 LENORE ST,36.1647398,-86.7549828
1410 SHARPE AVE,36.1879845,-86.74165699999999
SEYMOUR AVE / BAILEY ST,36.18588,-86.74988359999999
S 13TH ST / SHELBY AVE,36.1709461,-86.7480887
S 5TH ST / RUSSELL ST,36.1708392,-86.7641379
3917 GALLATIN PIKE,36.21773659999999,-86.72902409999999
320 BERRY ST,36.1807705,-86.7664415
246 DELLWAY VILLA RD,36.2127749,-86.75981689999999
1130 HARMONY WAY,36.2009227,-86.75397559999999
GALLATIN PIKE / MAYNOR AVE,36.207005,-86.7360554
ZOPHI ST / GALLATIN PIKE,36.2043171,-86.7380554
ELMHURST AVE / LUCILE ST,36.1966098,-86.773258
DUKE ST / DICKERSON PIKE,36.2075603,-86.7678248
2204 CARTER AVE,36.1889031,-86.7255854
608 S 5TH ST,36.166293,-86.7620202
1810 GUEST DR,36.1982007,-86.70927259999999
1605 DICKERSON PIKE,36.2030343,-86.7687193
2407 DICKERSON PIKE,36.2094844,-86.7660099
2616 GALLATIN PIKE,36.1976232,-86.7409105
2329 OAK CT,36.1830886,-86.7236283
718 VIRGINIA AVE,36.2233875,-86.7383194
562 JOSEPH AVE,36.1804257,-86.7728315
1305 GALLATIN AVE,36.1928939,-86.74390869999999
2020 LUCAS LN,36.2042429,-86.7719195
1328 LISCHEY AVE,36.1960465,-86.7628841
516 S 13TH ST,36.1696565,-86.74861059999999
2907 JONES AVE,36.2198816,-86.75422780000001
NEILL AVE / MARINA ST,36.1807592,-86.76008639999999
705 ROSEBANK AVE,36.1857214,-86.71147409999999
RICHARDSON AVE / N 7TH ST,36.1921615,-86.7594325
HART LN / HILLTOP LN,36.2136957,-86.7360971
2919 DICKERSON PIKE,36.2228494,-86.7608924
2505 SOLON DR,36.1886733,-86.7140687
345 S 5TH ST,36.1692999,-86.7630669
2530 ALLENWOOD DR,36.2128393,-86.75065330000001
207 PRINCE AVE,36.20682490000001,-86.7654077
1215 N 7TH ST,36.1933263,-86.75901950000001
522 NORTON AVE,36.2070853,-86.75479729999999
818 POWERS AVE,36.1862108,-86.72939749999999
48 WATERS AVE,36.1863654,-86.72612769999999
623 SYLVAN ST,36.1678431,-86.7588928
860 GRANADA AVE,36.1884469,-86.757215
210 N 7TH ST,36.1764723,-86.7633968
N 8TH ST / SMILEY ST,36.1784241,-86.7606058
905 CAHAL AVE,36.1983763,-86.7483749
719 FATHERLAND ST,36.1722584,-86.7578609
1509 RUSSELL ST,36.174814,-86.7434643
921 DICKERSON PIKE,36.1884182,-86.77262619999999
501 FOSTER ST,36.1793289,-86.76897679999999
MAIN ST / N 8TH ST,36.1753464,-86.75882209999999
OXFORD ST / KENMORE PL,36.2053892,-86.7262798
641 LISCHEY AVE,36.1824789,-86.7648612
103 SUNSET CIR,36.224174,-86.76299259999999
108 DONALD ST,36.2106349,-86.76390889999999
1201 GREENLAND AVE,36.2203082,-86.7185106
3625 GALLATIN PIKE,36.2131251,-86.7319223
337 S 5TH ST,36.1694505,-86.76316399999999
1003 RUSSELL ST,36.176361,-86.7513014
183 DELLWAY VILLA RD,36.2123333,-86.7599886
3053 HILLSIDE RD,36.2288129,-86.755893
1701 RIVERWOOD DR,36.2144674,-86.7093512
1803 SUNSET CIR,36.2229736,-86.76317759999999
S 17TH ST / FATHERLAND ST,36.1731486,-86.7398424
3850 SAUNDERS AVE,36.220586,-86.7364707
701 JOSEPH AVE,36.1831778,-86.77233179999999
DONELSON PIKE / WOODBERRY DR,36.1604569,-86.6643856
103 LEWIS ST,36.1518561,-86.7576416
HOGGETT FORD RD / STONEWATER DR,36.1701763,-86.6187915
347 BURNING TREE DR,36.1741376,-86.6005476
2852 MCGAVOCK PIKE,36.207989,-86.6817054
421 BONNAWOOD CT,36.2022614,-86.6330514
4230 SWEDEN DR,36.204077,-86.61815539999999
305 28TH ST,36.2481297,-86.637524
101 MASSMAN MANOR DR,36.1322836,-86.7002742
3678 BELL RD,36.1509764,-86.62577329999999
4672 LEBANON PIKE,36.2155165,-86.59581250000001
176 LAFAYETTE ST,36.1474117,-86.7574681
2100 HICKORY HILL LN,36.193932,-86.6358569
239 MARTINGALE DR,36.2588653,-86.65672029999999
925 VILLAGE HILLS DR,36.0931693,-86.6453562
1504 9TH ST,36.2621315,-86.6554608
3013 WILFORD PACK CT,36.074042,-86.61508479999999
404 BLUE HILLS DR,36.1566998,-86.6854422
116 LEWIS ST,36.152325,-86.75811619999999
540 DONELSON PIKE,36.14637889999999,-86.6670503
4560 BROOKE VALLEY DR,36.1772952,-86.5866324
2310 CRYSTAL SPRING LN,36.171257,-86.6129921
614 CLARIDGE DR,36.1429479,-86.67209799999999
3608 CRYSTAL SPRING LN,36.1704788,-86.6092565
2608 LEBANON PIKE,36.1702367,-86.6746046
2520 STINSON RD,36.1729585,-86.67572580000001
DONELSON PIKE / ELM HILL PIKE,36.1487954,-86.6663112
3809 CRYSTAL SPRING LN,36.1722223,-86.6086334
1717 LEBANON PIKE,36.1528194,-86.714678
4274 LEBANON PIKE,36.205576,-86.61426890000001
3129 E LAKE DR,36.1401106,-86.6390854
605 STEWARTS FERRY PIKE,36.1575524,-86.6330416
124 BROOKE CASTLE DR,36.207109,-86.590662
96 CHARLES E DAVIS BLVD,36.1489392,-86.7621381
3229 DOCKSIDE DR,36.1770882,-86.6217592
PENNINGTON BEND RD / MUSIC VALLEY DR,36.2349638,-86.7105
214 RAINTREE DR,36.1783519,-86.603424
2040 HICKORY HILL LN,36.1939126,-86.63582009999999
MM 12 0 BRILEY S,36.152285,-86.80185349999999
1 BRIDGESTONE PARK,36.167182,-86.69034909999999
118 FAIN ST,36.1516588,-86.755843
2850 SURREY RD,36.1608671,-86.65841259999999
2015 AXIS AVE,36.2661212,-86.662535
103 HICKERSON ST,36.2764415,-86.67093
571 STEWARTS FERRY PIKE,36.1580816,-86.63513040000001
325 MONACO DR,36.2078072,-86.6160087
3808 HOGGETT FORD RD,36.1701352,-86.620105
230 TWO RIVERS CT,36.1851472,-86.6926144
505 MILLWOOD DR,36.1308829,-86.7144649
6 UNIVERSITY CT,36.1509997,-86.7640013
BONNAVUE DR / BONNAVENT DR,36.2063825,-86.6344921
1003 LINCOYA BAY DR,36.1407958,-86.62311299999999
432 HADLEYS BEND BLVD,36.2299296,-86.634715
HERMITAGE WOODS DR / OLD HICKORY BLVD,36.1772371,-86.6042945
846 CLAIBORNE ST,36.1507352,-86.76083539999999
3039 LINCOYA BAY DR,36.1450771,-86.6240775
4125 SAUNDERSVILLE RD,36.2277004,-86.5976894
524 SOUTHWOOD PARK PL,36.1354664,-86.7021386
89 CARROLL ST,36.1536025,-86.7624227
198 BURNING TREE DR,36.1753618,-86.5993118
417 WELLINGTON SQ,36.1770707,-86.64684079999999
209 MISTY CT,36.1465479,-86.6289403
618 ROYAL CREST AVE,36.1628701,-86.6321126
BELL RD / SMITH SPRINGS RD,36.0903135,-86.6265129
BELL RD / MOSSDALE DR,36.0827667,-86.6286968
1415 DOUBLETREE LN,36.0905402,-86.64195219999999
GLENGARRY DR / MURFREESBORO PIKE,36.1207657,-86.7035829
6138 N NEW HOPE RD,36.1768205,-86.58308819999999
209 WOODMAKER CT,36.1291364,-86.63931199999999
8158 STEWARTS FERRY PKWY,36.1620652,-86.6267724
931 OLD LEBANON DIRT RD,36.194398,-86.58287899999999
521 HIGHLAND VIEW DR,36.2067714,-86.6033238
4774 LEBANON PIKE,36.2157313,-86.589844
78 RIVERPOINT PASS,36.1707261,-86.6609312
602 BROOKS MILL CIR,36.1690195,-86.6148839
581 TULIP GROVE RD,36.2081191,-86.58961099999999
3200 RIVER WALK DR,36.1795296,-86.6381361
4732 LEBANON PIKE,36.21532759999999,-86.5924283
108 CATAMARAN CT,36.094915,-86.6271546
1009 TREVINO PL,36.0812207,-86.6177869
EXIT 215B I40 W,35.17091509999999,-90.1925977
4750 KENNYSAW DR,36.2262222,-86.5903598
118 DAVENPORT DR,36.0764927,-86.63428189999999
3052 BOULDER PARK DR,36.1518833,-86.65121990000002
2409 MELBOURNE DR,36.2042996,-86.68305339999999
SHADOWLAWN DR / HIDDEN HILL DR,36.2059722,-86.5871968
624 WEATHERBEATEN PL,36.221793,-86.595153
1018 RACHELS SQUARE DR,36.2006236,-86.6066259
3036 RUNABOUT DR,36.0848438,-86.608406
3220 TRAILS END LN,36.138317,-86.634101
441 ADAIR RD,36.1549282,-86.6892082
4213 SADDLEBROOKE PL,36.1915932,-86.60131439999999
2531 WOODBERRY DR,36.1582266,-86.6762766
224 BURNING TREE DR,36.1755522,-86.6000176
505 GRANWOOD BLVD,36.2163906,-86.6275119
2913 SUMMER HOLLOW CT,36.223203,-86.5943794
1214 HERMITAGE PARK DR,36.1652151,-86.5962801
88 CHARLES E DAVIS BLVD,36.1505475,-86.7626023
2330 LEBANON PIKE,36.1709845,-86.6836426
2509 SOMERSET DR,36.0834916,-86.63501029999999
231 MARTINGALE DR,36.2605486,-86.6571335
560 DONELSON PIKE,36.1441009,-86.6674438
1004 WILLIAMS WAY,36.23866,-86.60421029999999
1213 ALANDEE ST,36.2408306,-86.703583
905 1ST AVE S,36.15128869999999,-86.76708889999999
3178 EARHART RD,36.1636467,-86.56984279999999
116 RAY AVE,36.2380779,-86.64751
SR YMCA M 0 75,36.1626638,-86.7816016
211 BONNAFIELD DR,36.2029735,-86.6278634
1065 NASHBORO BLVD,36.0894891,-86.639499
GREEN ST / KEITH ST,36.1524035,-86.7512067
105 LYNN LEE DR,36.2366139,-86.6375499
320 AIR FREIGHT BLVD,36.12277590000001,-86.6891536
4041 FARMINGHAM WOODS DR,36.1831384,-86.5855122
500 AUGUSTA DR,36.2121618,-86.5947734
53 CARROLL ST,36.1525925,-86.7647808
2655 WILLOWBRANCH DR,36.0800149,-86.6343213
1551 LINCOYA BAY DR,36.143247,-86.62239199999999
900 ELLISTON ST,36.2617629,-86.6498324
32 FAWN CREEK PASS,36.1219598,-86.62979299999999
724 PATRICIA DR,36.139766,-86.70624529999999
556 CHARLES E DAVIS BLVD,36.1492386,-86.7620347
3914 PLANTATION DR,36.2018212,-86.63100860000002
1805 TIMBER GRV,36.1266911,-86.63522689999999
1907 DAHLIA DR,36.161815,-86.7139016
409 BLUEWATER DR,36.0837964,-86.6189014
2008 DABBS AVE,36.1384062,-86.7007209
EXIT 216A I40 E,36.1483782,-86.7804173
ELM HILL PIKE / I40 W,36.1510294,-86.6919564
623 ROYAL CREST AVE,36.1629396,-86.6321062
213 SADDLESTONE CT N,36.1784223,-86.59694909999999
2408 LEBANON PIKE,36.1696538,-86.68169329999999
803 HADLEY AVE,36.2626714,-86.64751
2417 SPRINGVIEW DR,36.1552782,-86.6830507
933 OLD LEBANON DIRT RD,36.1956533,-86.5862021
1445 MARKET SQ,36.18287979999999,-86.60178719999999
FESSLERS LN / I40 W,36.1450985,-86.744016
4628 WOODSIDE DR,36.2319301,-86.5902662
402 ROYAL PKWY,36.1512949,-86.6774697
816 ELISSA DR,36.1382089,-86.70357159999999
4017 CENTRAL PIKE,36.1728905,-86.6001047
1626 SUGAR CREEK CIR,36.161188,-86.646997
707 LEWIS ST,36.1460286,-86.7589436
2608 MESA DR,36.0832637,-86.6336913
2618 OLD LEBANON PIKE,36.1702507,-86.67208380000001
3817 PLANTATION DR,36.1999301,-86.63412439999999
FITZPATRICK RD / BLACKWOOD DR,36.1457966,-86.6378731
702 HERON POINTE DR,36.1165737,-86.62979729999999
963 CANNON ST,36.1505766,-86.7592208
2618 LEBANON PIKE,36.1701288,-86.6721153
130 CHARLES E DAVIS BLVD,36.1514893,-86.762423
5913 NEW HOPE CT,36.1628655,-86.5863004
4720 OLD HICKORY BLVD,36.1951882,-86.92443519999999
2513 SOMERSET DR,36.083711,-86.6348549
ROCKWOOD DR / HERMITAGE WOODS DR,36.1803474,-86.60314989999999
314 WOODLARK CT,36.1292772,-86.6386608
EMERY DR / LAKELAND DR,36.1547357,-86.6762467
114 28TH ST,36.2468005,-86.63849479999999
DODSON CHAPEL RD / ALBEE DR,36.1821859,-86.6116958
3234 LINCOYA CREEK DR,36.146088,-86.6232193
2305 MAPLECREST DR,36.1770861,-86.688222
3939 CENTRAL PIKE,36.174757,-86.6035181
625 ROCKWOOD DR,36.179896,-86.603205
1604 HADLEY AVE,36.2537182,-86.6482185
6TH ST / LAWRENCE ST,36.2652196,-86.64693749999999
8239 TERRY LN,36.1989118,-86.61447249999999
242 JACKSONIAN DR,36.1961349,-86.6286904
1515 ELM HILL PIKE,36.1431279,-86.7182787
709 WILL PL,36.1994073,-86.6020236
2816 ELM HILL PIKE,36.1488278,-86.6646986
LEBANON PIKE / CLOVERNOOK DR,36.1547478,-86.71231859999999
81 GREEN ST,36.1523822,-86.75709499999999
1124 LEBANON PIKE,36.1537411,-86.7346103
903 1ST AVE S,36.1513451,-86.7669641
1080 MURFREESBORO PIKE,36.1279886,-86.711199
2560 LAKELAND DR,36.15514030000001,-86.676552
4014 LAFAYETTE AVE,36.2277463,-86.6323525
4216 ANDREW JACKSON PKWY,36.1988464,-86.6091546
4885 BIG HORN DR,36.2208176,-86.5864612
110 FAIN ST,36.151806,-86.7576797
4725 ASHLEY WAY,36.2064784,-86.58850749999999
5032 OLD HICKORY BLVD,36.2083804,-86.9221823
279 CUMBERLAND CIR,36.1648194,-86.6664404
2748 OLD LEBANON PIKE,36.1680538,-86.6638826
1303 VULTEE BLVD,36.12431520000001,-86.69900059999999
907 DEBOW ST,36.2614163,-86.64878929999999
OLD SMITH SPRINGS RD / SMITH SPRINGS RD,36.0884197,-86.6099814
2748 AIRWOOD DR,36.1586564,-86.67355289999999
510 KEETON AVE,36.2776419,-86.6745062
1402 LONGHUNTER LN,36.0924383,-86.6423995
1329 SATURN DR,36.1202759,-86.69743749999999
MASSMAN DR / ACORN DR,36.1539554,-86.70136719999999
317 BURNING TREE DR,36.1751138,-86.60185800000001
217 BROOKSBORO TER,36.0844343,-86.6448647
1326 QUAIL VALLEY RD,36.1366138,-86.6384946
EXIT 215A I40 W,35.17091509999999,-90.1925977
2716 PENN MEADE DR,36.2376336,-86.70446609999999
2700 LAKELAND DR,36.1557996,-86.67128
125 DAVENPORT DR,36.0764376,-86.6340577
3610 OLD HICKORY BLVD,36.2406885,-86.63188
4020 LIBERTY ST,36.2284797,-86.63458949999999
2040 NASHBORO BLVD,36.0904722,-86.6320769
BINNS LN / YORK DR,36.19506320000001,-86.6384271
4408 FROST ST,36.2353077,-86.69417349999999
213 24TH ST,36.2489969,-86.6398334
1306 QUAIL CT E,36.139348,-86.63653099999999
613 ROCKWOOD DR,36.1792079,-86.6023878
5001 BONNALYNN DR,36.1993349,-86.6329993
2640 WILLOWBRANCH DR,36.0803674,-86.63509599999999
2904 WOODYMORE CT,36.0765832,-86.6095682
100 DEKEWOOD DR,36.2381547,-86.6253234
2416 LEBANON PIKE,36.16958109999999,-86.6807194
4388 LEBANON PIKE,36.2096379,-86.60993909999999
1729 STONE HOLLOW CT,36.2191447,-86.59303799999999
342 VILLAGE GREEN DR,36.0915994,-86.6371303
622 ERMAC DR,36.1502679,-86.687727
618 ERMAC DR,36.1511985,-86.68729080000001
2418 SCOTT VALLEY DR,36.0820138,-86.6461302
2416 SCOTT VALLEY DR,36.0820522,-86.6461224
4020 LAFAYETTE AVE,36.2275357,-86.6323919
MM 211 0 I40 E,36.1483782,-86.7804173
685 LONGHUNTER CT,36.0959045,-86.6389198
900 CHASE BLVD,36.2253105,-86.6030086
1928 DABBS AVE,36.1425282,-86.7049478
219 BELL RD,36.0840156,-86.6287298
3918 BONNAFORD DR,36.1961896,-86.6230983
199 SPENCE LN,36.1547536,-86.72187129999999
3655 ANDREW JACKSON WAY,36.183854,-86.608536
7043 BONNAVENT DR,36.2083756,-86.6354828
ROLLING MILL RD / WILLOW BOUGH LN,36.2329256,-86.6108143
181 VILLAGE GREEN DR,36.0903408,-86.6348999
224 STEWARTS FERRY PIKE,36.1623346,-86.64923209999999
4281 CHESNEY GLEN DR,36.1864693,-86.58346259999999
2722 WELLMAN DR,36.1531008,-86.66718800000001
CENTRAL PIKE / FRIST BLVD,36.1738684,-86.5746658
3724 PLANTATION DR,36.1970395,-86.6352662
125 CREEKSTONE CIR,36.1607902,-86.6466006
3312 NIAGARA DR,36.1530272,-86.63792389999999
520 ROYAL PKWY,36.1483234,-86.6747934
190 GRAYLYNN DR,36.16887210000001,-86.6758242
2940 JENRY DR,36.1723028,-86.65211529999999
2813 LOUISE RUSSELL DR,36.0759923,-86.61494520000001
MM 221 6 I40 E,36.1626638,-86.7816016
199 BURNING TREE DR,36.1745236,-86.6022278
2845 LEBANON PIKE,36.1676859,-86.6582899
MOSSDALE DR / ANDERSON RD,36.0734743,-86.61918109999999
4647 WOODVIEW CIR,36.2370121,-86.5931184
3909 CRYSTAL SPRING LN,36.1723578,-86.608024
114 CHARLES E DAVIS BLVD,36.1511991,-86.7624082
251 GRAYLYNN DR,36.1616572,-86.6769651
605 DEBBIE DR,36.2093609,-86.585995
J B ESTILLE DR / OLD LEBANON PIKE,36.1698692,-86.668663
628 PACES FERRY DR,36.1555395,-86.6436521
I40 E / OLD HICKORY BLVD,36.2633898,-86.6950652
313 WILES CT,36.194224,-86.601401
3559 ALBEE DR,36.1787443,-86.6114472
2917 WOODYMORE CT,36.07711370000001,-86.6095607
354 CLEARWATER DR,36.0763478,-86.6291294
913 OAK VALE,36.2117524,-86.6286609
4532 RACCOON TRL,36.1924076,-86.5800137
5019 BONNAHILL DR,36.1950087,-86.6322811
2633 LEBANON PIKE,36.169333,-86.6725665
924 RADFORD DR,36.1331833,-86.7073669
310 JACKSONIAN DR,36.1945245,-86.6271546
2616 LISHWOOD DR,36.2178026,-86.6858749
2290 LEBANON PIKE,36.1699815,-86.6851622
816 CARLISLE CT N,36.1462159,-86.6365854
511 GRIFFIN CIR,36.2186976,-86.5956502
S NEW HOPE RD / LAKE CHATEAU DR,36.1597718,-86.58557
2509 WOODBERRY DR,36.1569052,-86.6790697
3960 LEBANON PIKE,36.1955627,-86.6226454
324 BONNAVUE DR,36.2059063,-86.63125
123 BROOKE CASTLE DR,36.207109,-86.590662
4207 LEBANON PIKE,36.2016674,-86.6168162
3020 HIGH RIGGER DR,36.0794895,-86.6110848
2837 LEBANON PIKE,36.1672359,-86.6596129
2828 LERA JONES DR,36.0788739,-86.6193567
4042 SHURGARD WAY,36.1715026,-86.6043936
162 BURNING TREE DR,36.1750445,-86.5998448
880 KIPLING DR,36.1310704,-86.7029819
808 FOWLER ST,36.2624168,-86.6550673
310 WILHAGAN RD,36.1338361,-86.71805859999999
4659 FOREST RIDGE DR,36.1775684,-86.58613059999999
2312 TALLY GREEN CT,36.1976105,-86.6862682
511 WILLIAMSBURG DR,36.125405,-86.631433
108 CLAIBORNE ST,36.1521872,-86.7608654
2741 SMITH SPRINGS RD,36.0896394,-86.62335759999999
1818 LINCOYA BAY DR,36.142371,-86.6210601
576 GLASTONBURY RD,36.1371958,-86.7033594
8223 TERRY LN,36.1980657,-86.6145119
QUINN CIR / LEBANON PIKE,36.1601762,-86.70289029999999
906 2ND AVE S,36.151169,-86.7679144
108 BURNING TREE DR,36.1736768,-86.60007189999999
2316 SWEETWOOD RD,36.1675804,-86.6835148
OLD HICKORY BLVD / I40 W ENT RAMP,36.2669161,-86.65698530000002
144 SADDLE TREE DR,36.2241514,-86.59646790000001
1654 DOUBLETREE LN,36.0894378,-86.63636079999999
3110 CLOVERWOOD DR,36.1572401,-86.6513126
3025 CREEKWOOD DR,36.2316315,-86.7753942
110 W WEBSTER ST,36.2526062,-86.71980769999999
231 HARRINGTON AVE,36.2570043,-86.7096068
BRILEY PKWY E / BRICK CHURCH PIKE,36.2649663,-86.7755285
718 CARMEL AVE,36.2558481,-86.6960218
104 RANDY RD,36.2616472,-86.6913301
712 CHERYL AVE,36.2550632,-86.6974965
1176 SIOUX TER,36.2490913,-86.67667
EXIT 96 I65 S,36.1626638,-86.7816016
3110 RICHMOND HILL DR,36.2353469,-86.7765721
1216 E OLD HICKORY BLVD,36.2620304,-86.6798742
609 GALLATIN PIKE S,36.2568189,-86.7137494
3636 VILLAGE TRL,36.2470505,-86.7740986
1805 WESTCHESTER DR,36.25362399999999,-86.772363
308 E PALESTINE AVE,36.247931,-86.71158
209 E WEBSTER ST,36.2514025,-86.71596749999999
2160 FREEMAN LN,36.2460593,-86.6665584
619 ROTHWOOD AVE,36.2510232,-86.7006619
OLD HICKORY BLVD W / GALLATIN PIKE S,36.2630322,-86.71192719999999
5657 LICKTON PIKE,36.324508,-86.78172699999999
846 E MEADE AVE,36.2528711,-86.71556249999999
620 BIXLER AVE,36.2686143,-86.7048035
405 MADISON STATION BLVD,36.2593535,-86.71562259999999
1819 NEELYS BEND RD,36.2177696,-86.66692619999999
1305 BELLSHIRE TERRACE DR,36.257952,-86.7642599
838 MADISON SQ,36.2549499,-86.71733449999999
900 CHEYENNE TRACE CT,36.2512038,-86.67041449999999
915 OLD HICKORY BLVD W,36.2681932,-86.75245369999999
2660 GREER RD,36.346723,-86.790972
211 ELM ST,36.153787,-86.7708256
415 BARBARA DR,36.2526839,-86.7242491
817 VANTREASE RD,36.2560714,-86.72398079999999
1624 WYNNHAVEN CT,36.2531524,-86.67352269999999
3118 CREEKWOOD DR,36.2309574,-86.77237099999999
1868 UNION HILL RD,36.338054,-86.791951
3320 CHESAPEAKE CIR,36.2452466,-86.7778676
500 E OLD HICKORY BLVD,36.2624992,-86.70315629999999
3220 WOODSTOCK DR,36.24478,-86.776258
516 MADISON STATION BLVD,36.2587772,-86.716194
710 MYATT DR,36.2908057,-86.700496
1118 CINDERELLA ST,36.24639,-86.71076649999999
748 HOWSE AVE,36.2488502,-86.7001508
1722 CAMPBELL RD,36.310971,-86.77363799999999
120 EDWARD VII AVE,36.2611991,-86.6809481
1538 UNION HILL RD,36.334726,-86.777929
273 BECKLEA DR,36.269169,-86.7002294
329 HARRINGTON AVE,36.2569775,-86.70785719999999
204 WOODRUFF ST,36.26046110000001,-86.71450109999999
1461 NEELYS BEND RD,36.2311003,-86.66871909999999
326 LANIER DR,36.2590106,-86.6971229
106 NELSON CT W,36.2829019,-86.71851869999999
405 NORMAN DR,36.2568393,-86.72290679999999
1574 GALLATIN PIKE N,36.2913273,-86.70470209999999
2105 RIVERCHASE BLVD,36.3071002,-86.6809476
814 CEDARCREST AVE,36.2722362,-86.7050319
213 CONNELL ST,36.32519,-86.7097837
321 CHERRY ST,36.2588833,-86.7078966
MM 15 0 BRILEY W,36.15353959999999,-86.7853126
1923 WESTCHESTER DR,36.2528034,-86.7753271
MADISON ST / GALLATIN PIKE S,36.248822,-86.7197907
167 WELWORTH ST,36.282106,-86.704359
213 TWIN HILLS DR,36.2969127,-86.6860379
1010 WOODS LAKE DR,36.281456,-86.7239347
3125 MEADOWSIDE LN,36.2349827,-86.7772002
325 ELM ST,36.2605756,-86.7063239
1307 PIERCE RD,36.2793149,-86.70492399999999
912 OLD DICKERSON PIKE,36.2976461,-86.7350957
2216 KAYLA DR,36.3718443,-86.7394915
910 N GRAYCROFT AVE,36.2773654,-86.7275118
MM 40 2 I24 W,36.4116682,-87.0406462
3101 BRICKDALE LN,36.231525,-86.772553
1558 SPRINGFIELD HWY,36.3715268,-86.74309099999999
156 ARCHWOOD PL,36.2652068,-86.6850269
103 BARRY DR,36.2471035,-86.71827479999999
127 MCARTHUR DR,36.2661354,-86.6914992
1593 GALLATIN PIKE N,36.2925298,-86.7021529
3626 WILLOW CREEK CT,36.2543885,-86.7749825
120 S CARTWRIGHT CT,36.322318,-86.7060683
1124 FLORENCE AVE,36.2793691,-86.7064419
622 BIXLER AVE,36.2687106,-86.7043384
404 STAR BLVD,36.2839456,-86.7210817
912 RIVERGATE PKWY,36.2996491,-86.7000131
6203 MEADOWCREEK CIR,36.3039937,-86.7201427
1728 CUMBERLAND STATION BLVD,36.2414827,-86.6656337
GALLATIN PIKE S / BERKLEY DR,36.2466736,-86.72116659999999
3308 CHESAPEAKE CIR,36.2453379,-86.777137
NEELYS BEND RD / HIDDEN ACRES DR,36.2287516,-86.66869899999999
2005 WILLIAMS VALLEY DR,36.2683611,-86.71874369999999
631 MAYVIEW DR,36.2752589,-86.6962381
140 HARRINGTON AVE,36.2569085,-86.7115135
1917 GRANTS PASS,36.2421957,-86.6646303
297 ANDERSON LN,36.273629,-86.70577039999999
408 HILLCREST RD,36.2866146,-86.7486892
PIERCE RD / SNOW AVE,36.2794534,-86.7020233
3560 DICKERSON PIKE,36.2543233,-86.75807689999999
E MAPLE ST / FOREST PARK RD,36.2613223,-86.7034053
5457 DANIEL RAY DR,36.2790442,-86.78811329999999
816 CHEYENNE BLVD,36.2563822,-86.67404309999999
3114 SPEARS RD,36.2352846,-86.7797717
1145 APPLE VALLEY RD,36.2818378,-86.71623079999999
1454 OCOEE TRL,36.23500840000001,-86.6558544
4309 GRANDVILLE BLVD,36.28376950000001,-86.7718213
670 CHEYENNE BLVD,36.2597747,-86.6794985
202 RHINE DR,36.2585542,-86.7409356
506 HILLCREST RD,36.2867745,-86.7488734
1009 TUCKAHOE DR,36.262109,-86.75144499999999
339 MAY DR,36.271943,-86.6949207
803 RIVERGATE PKWY,36.302405,-86.7021877
652 DRY CREEK RD,36.314371,-86.75965599999999
3631 WILLOW CREEK CT,36.2545913,-86.7752905
221 DONNA DR,36.2571208,-86.7212272
816 SYLVANIA DR,36.2767567,-86.74138010000001
660 E OLD HICKORY BLVD,36.2631299,-86.696664
414 WILLIAMS AVE,36.2682282,-86.7183927
421 JANETTE AVE,36.2875814,-86.71567300000001
215 NIX DR,36.2690668,-86.6939258
643 CHERYL AVE,36.2557687,-86.6977521
117 GALLATIN PIKE N,36.2650673,-86.7126928
WALTON LN RR UNDERPASS,36.2394892,-86.7370384
314 GALLATIN PIKE N,36.2653361,-86.7106242
4212 BRICK CHURCH PIKE,36.2829588,-86.7857581
3862 DICKERSON PIKE,36.2672685,-86.7569063
3614 WILLOW CREEK CT,36.2538179,-86.774869
1167 OLD HICKORY BLVD,36.270164,-86.7600406
1872 BELLE ARBOR DR,36.256915,-86.77256729999999
218 CEDARWOOD LN,36.275896,-86.700693
107 CUNNIFF PKWY,36.2835188,-86.7446736
617 CHEYENNE BLVD,36.2578999,-86.6774825
3300 MOOREWOOD DR,36.2400279,-86.77272440000002
249 DULING AVE,36.2656654,-86.70734689999999
112 RIVERCHASE BLVD,36.305967,-86.6793567
128 LANIER DR,36.2620322,-86.6962082
902 HAMBLEN DR,36.2868377,-86.7227535
114 HICKORY ST,36.2597736,-86.7118083
1440 MOHAWK TRL,36.2347026,-86.6570351
225 BRAWNER AVE,36.2602686,-86.7113365
1536 JOE PYRON DR,36.24217770000001,-86.66703059999999
621 LARKIN SPRINGS RD,36.2507655,-86.6859339
125 GALLATIN PIKE N,36.2649805,-86.71261419999999
1517 MEADOW BEND DR,36.24814,-86.67771700000002
533 MYATT DR,36.281472,-86.6912505
419 WILLIAMS AVE,36.2678301,-86.7196381
330 CUMBERLAND AVE,36.267213,-86.705282
2120 GALLATIN PIKE N,36.3044676,-86.6923635
417 VAILVIEW DR,36.2406178,-86.76161150000001
783 STAR BLVD,36.2884556,-86.72091379999999
3014 CREEKWOOD DR,36.2319193,-86.7766506
351 GALLATIN PIKE N,36.2657751,-86.7114938
636 CHEYENNE BLVD,36.2597802,-86.679498
MM 94 2 I65 N,36.4280653,-86.7117287
201 ALTA LOMA RD,36.2958875,-86.70707089999999
210 DONNA DR,36.2593923,-86.7218516
138 GALLATIN PIKE S,36.2625146,-86.7137542
213 NIX DR,36.2690299,-86.69385849999999
969 MADISON SQ,36.253525,-86.7171328
506 ROOSEVELT AVE,36.270681,-86.700318
STATE RT 45 / LARKIN SPRINGS RD,36.263436,-86.6842509
HUNTMERE LN / WESTCHESTER DR,36.258288,-86.7680243
WILMOTH CT / WILMOTH RD,36.2365513,-86.7792156
106 ARCHWOOD PL,36.2644092,-86.685688
1317 PIERCE RD,36.278871,-86.7056047
SPRING BRANCH DR / SHEPHERD HILLS DR,36.2947839,-86.6914606
NEELYS BEND RD / CHEYENNE BLVD,36.2408224,-86.6735886
209 EDGEBROOK RD,36.2888464,-86.7280613
2144 QUAIL RIDGE DR,36.2887339,-86.7873086
109 ARCHWOOD PL,36.2644036,-86.6855419
328 NESBITT LN,36.2737711,-86.71835340000001
205 PEELER TRL,36.2454135,-86.6839381
3217 SPEARS RD,36.2380479,-86.7793987
1541 MEADOW BEND DR,36.2479746,-86.6791484
403 GOLDIE CT,36.2948,-86.7106093
1052 MULBERRY WAY,36.254276,-86.7673057
631 OLD HICKORY BLVD W,36.1123535,-86.9232972
311 KATE ST,36.26446809999999,-86.7078179
116 HEAD DR,36.2627193,-86.7343982
1450 NESBITT LN,36.268127,-86.74170640000001
145 RIO VISTA DR,36.2651064,-86.6810563
3613 WILLOW CREEK CT,36.2537729,-86.77535499999999
1519 GALLATIN PIKE N,36.2882962,-86.7041528
1933 WESTCHESTER DR,36.252835,-86.7759894
318 DRAPER CIR,36.3016273,-86.711199
3305 HAWKWOOD LN,36.2415904,-86.76942609999999
3000 POSTON AVE,36.1455775,-86.81537970000001
1224 VILLA PL,36.141363,-86.79192049999999
610 MERRITT AVE,36.1405107,-86.7703882
601 PLAYERS CT,36.0537356,-86.7486989
15115 OLD HICKORY BLVD,36.0442591,-86.7154642
2920 HARLIN DR,36.1097873,-86.7481248
5052 DOVECOTE DR,36.0678221,-86.7651459
743 HARDING PL,36.0812234,-86.7595808
405 CALEDONIAN CT,36.025483,-86.726242
520 RICHMAR DR,36.0804774,-86.754542
1321 12TH AVE S,36.1411459,-86.7886036
1903 BELMONT BLVD,36.1340047,-86.79609169999999
31ST AVE S / WEST END AVE,36.1425894,-86.8154969
541 WHISPERING HILLS DR,36.0638882,-86.72483869999999
1409 HYNES ST,36.1587378,-86.7933334
2410 WEST END AVE,36.1477439,-86.80787219999999
533 ELGIN ST,36.1000212,-86.7462536
1935 21ST AVE S,36.133589,-86.8016727
1400 WOODFIELD DR,36.0226686,-86.719965
JO JOHNSTON AVE / CHARLOTTE AVE,36.1573249,-86.8027437
205 SHADOW GLEN DR,36.0391001,-86.7162221
1202 HILLSIDE AVE,36.1415738,-86.780841
120 20TH AVE S,36.1503696,-86.7982194
1227 4TH AVE S,36.1434979,-86.76585910000001
601 BAXTER LN,36.0517502,-86.7640071
117 PLUM NELLY CIR,36.036328,-86.7785025
4406 J J WATSON AVE,36.0721242,-86.7249959
731 MELROSE AVE,36.1190811,-86.7617505
2236 GRANDVIEW AVE,36.1233899,-86.7524842
2135 ACKLEN AVE,36.1357498,-86.8043194
2224 GRANTLAND AVE,36.1292043,-86.776415
412 MOORE AVE,36.1367863,-86.76249419999999
5568 TROUSDALE DR,36.0437016,-86.7615373
2627 NOLENSVILLE PIKE,36.1153607,-86.74811960000001
144 RAINS AVE,36.13544780000001,-86.7642035
31ST AVE N / PARTHENON AVE,36.1484757,-86.81619529999999
2805 WEST END AVE,36.1449913,-86.81197209999999
OLD HICKORY BLVD / KNOLLS PL,36.0452702,-86.71706619999999
STOKES LN / HOPKINS ST,36.1181993,-86.8056112
819 S DOUGLAS AVE,36.1312872,-86.7801741
1167 HORTON AVE,36.1396006,-86.78708750000001
1808 SHACKLEFORD RD,36.1020044,-86.8067736
2923 LOUISE DR,36.1091543,-86.74756959999999
2720 GRANDVIEW AVE,36.11290049999999,-86.74731430000001
1318 CLIFTON LN,36.1142453,-86.79580589999999
2711 LANDERS AVE,36.1131111,-86.7496123
205 ACKLEN PARK DR,36.142539,-86.8218184
1254 14TH AVE S,36.1418931,-86.788698
HARDING PL / TROUSDALE DR,36.0811979,-86.7583605
1221 12TH AVE S,36.1420514,-86.7876256
FRANKLIN PIKE / REDWOOD DR,36.0562403,-86.77512759999999
14TH AVE N / HYNES ST,36.1592255,-86.7927241
1007 JESSAMIN RD,36.1294635,-86.7698093
536 NORTHCREST DR,36.066687,-86.7263321
1133 HORTON AVE,36.1394222,-86.7866337
2952 SIDCO DR,36.1059302,-86.7553865
2104 SUNSET PL,36.1287229,-86.8036346
1626 16TH AVE S,36.1367148,-86.79407909999999
702 HARDING PL,36.081503,-86.75481690000001
457 HUMPHREYS ST,36.141896,-86.768716
6104 FRONTIER CT,36.0319021,-86.7402623
1100 ZERMATT AVE,36.0425771,-86.7197159
1710 BELCOURT AVE,36.1367664,-86.7968066
OLD HICKORY BLVD / HILLVIEW DR,36.0375678,-86.7933422
1000 HAWKINS ST,36.1482217,-86.782873
1202 BRENTWOOD PL,36.0485345,-86.74120930000001
203 23RD AVE N,36.1508773,-86.80659849999999
325 BRAMBLEWOOD DR,36.0732095,-86.75407059999999
GRANDVIEW DR / GRANNY WHITE PIKE,36.1077263,-86.7939729
1486 HILLSIDE AVE,36.1395931,-86.7825762
904 GOVERNORS CT,36.010252,-86.70267439999999
523 HICKORYVIEW DR,36.048293,-86.7183694
211 MCMILLIN ST,36.1577509,-86.7944715
379 BARRYWOOD DR,36.0669888,-86.7526888
108 NORTHCREST COMMONS CIR,36.067201,-86.719843
1448 HILLSIDE AVE,36.1400531,-86.78221669999999
375 HICKORY TRACE DR,36.0472799,-86.7182176
MAGNOLIA BLVD / 21ST AVE S,36.1342028,-86.801215
1018 ARGYLE AVE,36.1378864,-86.78556189999999
105 NEWTON NOOK,36.0166696,-86.7429535
55 MUSIC SQ W,36.1476719,-86.79402019999999
210 17TH AVE N,36.1565885,-86.7961787
WEST END AVE / NATCHEZ TRCE,36.146231,-86.80991739999999
2214 ELLISTON PL,36.1510252,-86.80487939999999
5741 NOLENSVILLE PIKE,36.0475818,-86.71513010000001
2606 8TH AVE S,36.1224296,-86.77449829999999
STATE ST / 17TH AVE N,36.1662668,-86.8032182
104 PLAYERS CT,36.0552254,-86.7453371
937 GALE LN,36.116768,-86.78473
5556 HEARTHSTONE LN,36.0465373,-86.76665779999999
DRAUGHON AVE / LEALAND LN,36.1097246,-86.7879371
5743 NOLENSVILLE PIKE,36.0469096,-86.7136046
2520 JESS NEELY DR,36.1427528,-86.80685419999999
3213 ZERMATT AVE,36.0393504,-86.72058369999999
2903 ZERMATT AVE,36.0398301,-86.7212083
MARTIN ST / HUMPHREYS ST,36.1421236,-86.7692751
3086 SIDCO DR,36.0948916,-86.7576421
712 SWEET CHERRY CT,36.0930048,-86.8153067
2107 20TH AVE S,36.1310158,-86.80057389999999
FOX RIDGE DR / STONE BROOK DR,36.0368386,-86.7790333
15120 OLD HICKORY BLVD,36.0456126,-86.7156013
3949 NOLENSVILLE PIKE,36.0848503,-86.730605
112 19TH AVE S,36.1514746,-86.79662019999999
925 BRADFORD AVE,36.1275567,-86.78534599999999
725 MELPARK DR,36.127543,-86.775913
EXIT 79 I65 N,39.3465625,-85.9421953
601 EDMONSON CIR,36.0612431,-86.73683489999999
10TH AVE S / BRADFORD AVE,36.1278616,-86.78613190000002
6965 STONE RUN DR,36.0101291,-86.7241312
286 20TH AVE N,36.1542201,-86.80144179999999
2123 BELCOURT AVE,36.1366432,-86.802945
401 WELSHWOOD DR,36.08197,-86.72816399999999
2200 8TH AVE S,36.1304161,-86.77812279999999
823 WEST ARGYLE AVE,36.1362604,-86.78127529999999
467 CHESTNUT ST,36.1426409,-86.7707808
2206 BRANSFORD AVE,36.1292649,-86.767207
1701 PORTLAND AVE,36.1326599,-86.7962376
500 BAXTER LN,36.0527364,-86.75964789999999
209 ACKLEN PARK DR,36.142716,-86.821986
4035 NOLENSVILLE PIKE,36.0823142,-86.72760939999999
1119 ARCHER ST,36.1451356,-86.78556189999999
1620 WEST END AVE,36.1540319,-86.79424039999999
1526 DEMONBREUN ST,36.1529868,-86.79066449999999
10 BURTON HILLS BLVD,36.0937958,-86.8219556
568 HIGHCREST DR,36.0645325,-86.72902409999999
4055 NOLENSVILLE PIKE,36.081524,-86.72797399999999
1314 BURTON VALLEY RD,36.0859187,-86.8112463
HILLSBORO PIKE / I440 E ENT RAMP,36.085211,-86.8329692
4415 NOLENSVILLE PIKE,36.072855,-86.7247299
2701 GRANDVIEW AVE,36.1139252,-86.7485075
EDGEHILL AVE / 8TH AVE S,36.1417067,-86.77868389999999
W GROVE AVE / 11TH AVE S,36.1347178,-86.7870114
6036 WOODLAND HILLS DR,36.0317097,-86.73497739999999
12TH AVE S / SWEETBRIAR AVE,36.1240457,-86.7897474
1415 ENCLAVE CIR,36.0430356,-86.7236932
413 ALLIED DR,36.0950612,-86.73902489999999
3136 PARTHENON AVE,36.1474366,-86.8194649
1113 SIGLER ST,36.1498689,-86.785817
121 CHUZZLEWIT DOWN,36.0372952,-86.75053539999999
724 BENTON AVE,36.1324707,-86.77568869999999
230 APPLETON PL,36.1434175,-86.79686629999999
1401 8TH AVE S,36.139243,-86.78038099999999
1705 WEST END AVE,36.1532933,-86.7948531
1333 12TH AVE S,36.1409644,-86.78836179999999
718 ENCLAVE CIR,36.0412419,-86.72409549999999
HORTON AVE / 13TH AVE S,36.140553,-86.7919013
5566 FRANKLIN PIKE CIR,36.0419948,-86.7808709
1302 MAGNOLIA RD,36.1296626,-86.7707732
412 EDMONSON CIR,36.0615241,-86.7398296
SOUTH ST / 14TH AVE S,36.1476403,-86.7887573
2033 BROADWAY,36.1486009,-86.7991248
BLACKMAN RD / EDMONDSON PIKE,36.072144,-86.7328937
17TH AVE N / CHARLOTTE AVE,36.1588072,-86.7981594
145 HILLSBORO PL,36.120997,-86.80715599999999
1103 ENCLAVE CIR,36.0438251,-86.7251045
OLD HICKORY BLVD / MONTELLE LN,36.0387575,-86.73327069999999
2818 HILLSIDE DR,36.1332358,-86.81391409999999
2035 RICHARD JONES RD,36.1046127,-86.81382219999999
8TH AVE S / BRADFORD AVE,36.1285841,-86.77786359999999
22ND AVE N / STATE ST,36.1528609,-86.80460579999999
775 NORWOOD DR,36.0984671,-86.7688371
CARUTHERS AVE / 10TH AVE S,36.125567,-86.786329
VINE HILL RD / JESSAMIN RD,36.1300083,-86.7692329
1200 12TH AVE S,36.1401951,-86.7877786
6253 PALOMAR CT,36.0254689,-86.73238409999999
4920 FRANKLIN PIKE,36.0743645,-86.77254769999999
1545 DELMAR AVE,36.1298919,-86.7940462
5606 CLOVERLAND DR,36.0393541,-86.7679304
OTTER CREEK RD / GRANNY WHITE PIKE,36.0656287,-86.81272799999999
2009 SHERBROOKE LN,36.0141321,-86.71520869999999
478 ALLIED DR,36.0971096,-86.7455737
300 20TH AVE N,36.1548615,-86.8013587
207 OVERCREST CT,36.0750052,-86.7357634
2112 32ND AVE S,36.133577,-86.81435499999999
311 22ND AVE N,36.1535093,-86.80549839999999
BLAKEMORE AVE / 25TH AVE S,36.1382438,-86.807147
CAPERS AVE / 21ST AVE S,36.1388385,-86.8005807
414 KNOLLS PL,36.0422968,-86.7157481
3127 LONG BLVD,36.1456179,-86.81881760000002
337 22ND AVE N,36.1553012,-86.8067344
4701 TROUSDALE DR,36.0762721,-86.7598639
2416 WEST END AVE,36.1474896,-86.80787219999999
615 HICKORYVIEW DR,36.048685,-86.7189365
917 8TH AVE S,36.1457988,-86.7794576
1603 CHARLOTTE AVE,36.159413,-86.79620299999999
5836 CLOVERLAND DR,36.0329607,-86.758234
MM 0 8 I440 W,36.15353959999999,-86.7853126
3131 LONG BLVD,36.1454391,-86.8192687
12TH AVE S / ARCHER ST,36.1453668,-86.7862644
1517 MCGAVOCK ST,36.1536752,-86.7902524
4905 EDMONDSON PIKE,36.0771018,-86.7263559
501 DRAKE AVE,36.1017178,-86.7462536
1003 12TH AVE S,36.14625770000001,-86.7863077
15123 OLD HICKORY BLVD,36.0444939,-86.71628969999999
HILLSBORO PIKE / WOODMONT BLVD,36.1139663,-86.81088249999999
2694 FESSEY CT,36.1209026,-86.767667
701 E WOODLANDS TRL,36.0399215,-86.72684300000002
5105 GREENTREE DR,36.062833,-86.73910320000002
549 ELAINE DR,36.0821116,-86.74593929999999
709 HARDING PL,36.0807277,-86.755956
1013 SUMMIT AVE,36.1382988,-86.78513009999999
1904 SWEETBRIAR AVE,36.12575,-86.8010644
1806 BEECH AVE,36.1358977,-86.7801643
2925 FRANKLIN PIKE,36.1119848,-86.77443559999999
749 HAMILTON AVE,36.138836,-86.77687399999999
3408 WEST END AVE,36.1387689,-86.8203278
370 KNOLLS PL,36.0425774,-86.71636509999999
5776 STONE BROOK DR,36.0385425,-86.77754689999999
1400 11TH AVE S,36.1394075,-86.78576799999999
2101 21ST AVE S,36.1312209,-86.80190809999999
1211 STEVENSON CENTER LN,36.1441348,-86.80282729999999
ELMWOOD AVE / 12TH AVE S,36.1264152,-86.78925079999999
25TH AVE N / PARMAN PL,36.153365,-86.81226629999999
513 RADNOR ST,36.105061,-86.7459786
1200 LINDEN AVE,36.1279388,-86.78932999999999
1230 14TH AVE S,36.1422742,-86.7890694
OCALA DR / HICKORY PLZ,36.0508137,-86.7160688
2814 OAKLAND AVE,36.1215879,-86.7960414
4531 NOLENSVILLE PIKE,36.0690347,-86.72450460000002
408 MCNALLY DR,36.0930035,-86.737728
3411 BENHAM AVE,36.116981,-86.8077741
1930 BELMONT BLVD,36.1334652,-86.7954331
2912 MCNAIRY LN,36.1128462,-86.7799483
615 HARDING PL,36.077471,-86.7422071
2511 FAIRFAX AVE,36.1346533,-86.8086154
1710 PRIMROSE AVE,36.1204931,-86.7979251
600 MOORE AVE,36.1378887,-86.7699634
HORTON AVE / 12TH AVE S,36.1398321,-86.7875931
5116 PARISHWOOD CT,36.0564982,-86.7214979
2436 24TH AVE N,36.190969,-86.8149452
2509 BOOKER ST,36.1607508,-86.8150387
2724 HERMAN ST,36.1619514,-86.818351
600 W TRINITY LN,36.2065584,-86.79194009999999
816 GARRISON DR,36.2249758,-86.815045
2632 OLD BUENA VISTA RD,36.2085836,-86.812677
2557 26TH AVE N,36.1910855,-86.817364
915 29TH AVE N,36.1632491,-86.8211515
920 30TH AVE N,36.1627147,-86.8217791
2400 EDEN ST,36.1649627,-86.8122468
1915 HERMAN ST,36.1628506,-86.8061262
1912 HEIMAN ST,36.1711385,-86.8110109
2214 14TH AVE N,36.1890207,-86.8102459
1502 DELTA AVE,36.1778901,-86.7956463
508 VANDERHORST DR,36.2189503,-86.8070542
2731 OLD MATTHEWS RD,36.2197141,-86.79211670000001
MARTIN L KING BRIDGE,36.1641257,-86.7859558
2126 15TH AVE N,36.1868972,-86.810854
4217 POLK FOREST CIR,36.2285596,-86.7944571
4140 CREEKWOOD N,36.2162129,-86.8455922
923 16TH AVE N,36.1660415,-86.80087019999999
2131 14TH AVE N,36.187328,-86.8103244
2417 HERMAN ST,36.1620612,-86.81310979999999
631 W NOCTURNE DR,36.2106205,-86.8005151
